"Shape_Leng","Shape_Area","Island","WUI_Riskar","total_pop","med_hh_income","pct_poverty","pct_unemployed","pct_less_hs","pct_bachelors_plus","pct_disability","pct_renter","pct_no_vehicle","pct_no_internet","pct_under5","pct_65plus"
0.130783892241,0.000653064544228,"Kauai",1,5622,82599,12.8260478503328,3.32010104655359,0.253036437246964,13.6892712550607,23.8716693855356,43.9079169006176,2.41437394722066,6.40089837170129,3.66417644966204,20.8466737815724
0.123977324733,0.000748207600915,"Kauai",2,5060.59812020174,84583.9688944852,10.7337958875983,4.16801507171161,1.51090573110976,12.8226005928711,22.181083623196,47.1341756285469,1.586375124676,7.24799769221539,3.61239096873376,19.9625028999259
0.0602081528923,0.000171244456878,"Kauai",3,3985,88387,6.72521957340025,5.79254602604401,3.92087601554221,11.1621335217238,18.9420654911839,53.3154121863799,0,8.87096774193548,3.51317440401506,18.2685069008783
0.117363156006,0.000564630189878,"Kauai",4,3994.64318230974,88506.2769062048,6.76005116272692,5.76612193901369,3.8983245512045,11.2384872982047,18.9671595294416,53.1148512654318,0.0177703922053212,8.84076125984454,3.53398099847584,18.2968608573842
0.0988422615164,0.000441830045446,"Kauai",5,5099.83686818714,102827.402236905,10.8274611442493,2.72242663334596,1.2620544062406,20.3247221907023,21.9613756801394,29.5187756524357,2.07965582809722,5.23951032381847,5.99037799206885,21.5771857524774
0.0618533087382,0.000288867852771,"Kauai",6,5516,107324,12.2552574329224,1.59732540861813,0.34049240440021,23.2844421162913,22.926120893084,21.4733542319749,2.82131661442006,4.07523510971787,6.81653372008702,22.7701232777375
0.162158928405,0.00153744170659,"Kauai",7,4530.39913781787,112474.038609527,10.7036459202469,3.89330245529672,1.26776743650479,24.4198410451741,23.5117534694836,25.7149420638808,1.67811109800829,3.44900074827732,6.60387581521396,20.693722449693
0.148419415148,0.000766571105316,"Kauai",8,3407.64426816363,102574.171866837,6.6933134569935,9.40817629052693,2.10173778977607,22.8000215198147,22.8394092634041,36.8565950415307,0.612597836726759,3.299024185544,7.06918866492099,22.3154716892773
0.106786966403,0.000547695471896,"Kauai",9,3406.32142755853,92476.4125059212,5.25383683286076,11.2694563193492,1.96048500030169,20.9344871125057,21.9817382464515,40.9061984783825,0.762812715599643,3.65926429250337,7.52237523338747,24.8679838508634
0.126561402347,0.000400597387821,"Kauai",10,3220.23165532179,103363.966863655,5.31987394788975,5.78266832840181,0.670889612089176,24.7602018331058,27.531876263648,34.8771063515814,2.25502423196499,4.4530229920043,9.82675953546776,23.2292748121251
0.168423689558,0.00110157148413,"Kauai",11,3318.22205055099,96863.9373134511,5.01594018684126,8.18920865111207,1.09488247583243,22.8748425301856,25.2440130839242,37.9231203364843,1.76347484133095,4.2552305746962,9.07240540634781,24.4780426303589
0.0583440518494,0.000251420381683,"Kauai",12,3329.21080375573,118712.565736906,8.44753487324082,7.10075146214029,2.6028774143755,25.3418346082887,23.9758701220061,31.748448282295,0.223917078071538,2.75628798498187,6.07258105109243,17.5115813956111
0.0665063620676,0.000196074548534,"Kauai",13,4233.21641220047,113655.20604149,6.05775455520905,1.96423248391869,1.39278959620608,25.4253329048253,21.9595501839849,26.127082485261,2.57132071648473,4.18321887450577,7.69839789709496,27.7034487972106
0.10611662199,0.000676507504912,"Kauai",14,5928.40537868688,105441.210791059,7.63981627853748,3.58977668471358,1.90303996525319,18.2026271606683,19.2998533020451,27.2540912631421,3.36632163721169,5.40114259367782,4.6721362676846,20.6227091311632
0.192331326804,0.00117245870815,"Kauai",15,6107.18139504922,82234.2527763897,6.57758999182796,1.77360355415241,0.863791065017312,26.1292244182134,23.8300229668065,37.4805137556015,0.886285578651389,5.86019824662968,7.02079652526252,21.5203340475212
0.155618526029,0.000725709527509,"Kauai",16,7080.35260488291,93269.9111999894,8.35236459372517,4.1081378279415,1.92736820356116,15.8572021971207,18.9114287318224,31.001245304801,3.15031976896675,6.32628617903492,3.40256557887114,16.2960882085705
0.239637549342,0.00192592731455,"Kauai",17,6042.29000536368,95139.3480332388,9.88309866134469,4.04362460125604,0.899926858204619,22.2965489323983,21.3002332421056,26.6063814660661,0.969859495366299,3.47966680536832,6.13583974196341,20.4445312158944
0.126458849027,0.000727051071257,"Kauai",18,4878.92364311876,101028.821734606,12.5940560855659,7.53915783021426,2.2801087023959,22.4546139523792,19.4789511591455,34.0552402653142,0.770082880345339,8.64984173361912,4.51070092341657,22.8333583843193
0.0926730979804,0.000372038562675,"Kauai",19,4407.78547650671,95850.4220236729,11.6575679902323,6.76649653749837,1.90739211049043,23.7223280735296,19.6767876807684,32.2706793422799,0.618594582447267,7.17156019342531,4.20956422350465,23.1265480244403
0.0834298183703,0.000336513133276,"Kauai",20,4811.12645367821,94211.6330721116,8.24239932471812,2.82491027330265,0.241668354129998,13.6576445321123,23.6647546131132,25.1548381559536,0.926441474819262,8.55988375196116,6.91755295035604,21.175246842202
0.226012729839,0.0021582726991,"Kauai",21,5153.67164949655,91310.3476629278,7.90910766915206,2.3935687505325,0.238608964540417,20.3748664475179,21.4636613038928,28.2723731570132,0.402488341595136,5.34689412776404,5.7194889736136,21.531280209384
0.0872407837207,0.000450976885345,"Kauai",22,4833,94390,8.24528692769836,2.8169014084507,0.240384615384615,13.5216346153846,23.6912890544175,25.1617541337168,0.934579439252336,8.62688713156003,6.95220360024829,21.1462859507552
0.175807683806,0.00109228218993,"Kauai",23,4833,94390,8.24528692769836,2.8169014084507,0.240384615384615,13.5216346153846,23.6912890544175,25.1617541337168,0.934579439252336,8.62688713156003,6.95220360024829,21.1462859507552
0.151040432139,0.0010169735958,"Kauai",24,4528.52701020313,87862.5393006681,11.7778495476873,2.39507176900964,2.46133993776163,17.2387935857382,21.4793194721141,21.3949281079647,0.551867388548331,2.95401497488073,5.35552750907389,21.1920711792754
0.252822585122,0.00167379185782,"Kauai",25,4418,85493,13.0602082390222,2.24194301728164,3.2675709001233,18.5881627620222,20.6763504312301,20.0275292498279,0.412938747419133,0.894700619408121,4.77591670439113,21.2086917157085
0.23869141592,0.00133984105049,"Kauai",26,4418,85493,13.0602082390222,2.24194301728164,3.2675709001233,18.5881627620222,20.6763504312301,20.0275292498279,0.412938747419133,0.894700619408121,4.77591670439113,21.2086917157085
0.205490257813,0.00110968774411,"Kauai",27,2972.90173276604,97450.7343678567,10.1632071504,4.23537918967098,1.47631984273597,32.3688102474185,16.7136394111946,24.3301240201998,1.46561543044586,0.864131182823194,2.1638150838705,29.3473434527156
0.207824481451,0.000706689803881,"Kauai",28,2336.29322192551,118045.605935097,11.8521559774917,3.13223048754747,1.54745602953611,29.7658869046986,24.0517537701753,33.1430922592947,1.08227075225397,2.02287676019553,2.89509282229606,22.0950783963826
0.103752506913,0.000537415125135,"Kauai",29,1438,132115,11.3351877607789,3.51351351351351,0.806451612903226,34.5766129032258,25.5215577190542,38.8127853881278,1.36986301369863,2.51141552511416,2.08623087621697,22.461752433936
0.097718618963,0.000248399798577,"Kauai",30,1438,132115,11.3351877607789,3.51351351351351,0.806451612903226,34.5766129032258,25.5215577190542,38.8127853881278,1.36986301369863,2.51141552511416,2.08623087621697,22.461752433936
0.0378190355572,8.10048146747e-05,"Oahu",31,2430,64010,25.7307533964594,10.0940975192472,0.425758382118148,21.0218201170836,18.6412593206297,47.4711623779947,1.59716060337178,3.54924578527063,4.5679012345679,18.8888888888889
0.166695932574,0.00111082691212,"Oahu",32,2887.1938552539,66163.1246713007,26.0711964390288,10.5894937707688,0.724345247953713,17.5774795314026,22.233380268194,49.7437300454156,1.55685643219426,6.446972379327,6.30730857966951,17.7465295104791
0.158953978976,0.00107215302252,"Oahu",33,4907.92635793338,74148.0993147754,21.8814119623845,10.2341855123564,1.16789472756083,9.67824667120361,27.6101286747797,41.2213188041273,1.65864357772849,9.60399884113751,7.59936220637889,15.7398081087064
0.204895912032,0.00143306492745,"Oahu",34,4906.52468900985,90520.0042932521,17.2301691610441,10.2010842433237,1.32782253977241,12.4855672881431,33.2608725180396,29.4606929419374,1.76449210043943,5.9680320704705,6.86098467448879,10.627172249845
0.205018322829,0.00151337072999,"Oahu",35,3789.04077917646,102838.946759504,14.0193088087884,9.40384783340801,1.31552614317655,8.42242692252383,29.5434405933187,22.4245844404409,3.07974017624958,3.65916973747353,6.64508440806085,13.8842514969631
0.11451053499,0.000681965263624,"Oahu",36,940.494483602254,106807.936025455,3.33652551921717,2.09733015593571,0.841327491730938,17.0377769960548,18.3217426422927,24.4446320224891,0.442348969748035,1.66608606044006,11.3026687948928,21.2198237125263
0.148562817256,0.00139881774094,"Oahu",37,5951.44132406973,118361.32202868,5.04681663587261,3.29364492699237,0.196733777524086,20.2779130542679,30.6409799098439,26.5107529272469,0.0867478750471324,1.32737843145208,11.284331596545,11.0068531441104
0.210737935776,0.00155481055208,"Oahu",38,6842.94385612386,119050.465524117,10.1438603006443,6.94873785733087,1.091891550358,23.6147374862774,30.198303487254,43.6058995426142,1.48639228172939,4.08835333996151,6.10140795051522,7.62021406857153
0.227797561715,0.00213117889434,"Oahu",39,5689.27179865075,118500.053869856,8.39082418976648,4.50075036529251,1.5420083392723,21.4059112087785,33.1295919923904,46.0910452855082,0.801752556018997,4.76116802809368,8.50520406994321,9.68518387646156
0.242256141788,0.00230489046655,"Oahu",40,4951.78695737509,123734.165553475,6.44502333173687,2.78431697070031,1.77243413698684,23.1488954191174,23.899759033512,32.2008161201997,1.80840347301292,4.55938838470158,5.26239111034329,14.5295551155873
0.294585000785,0.00404572398476,"Oahu",41,2930.12985055359,137337.237463966,3.58699354519306,3.06851013935985,0.599806486436015,28.9466366523489,25.38715752638,22.7082018972908,1.02821193692886,3.02524199676261,5.5440288792776,15.092116280745
0.229456904793,0.00225032661529,"Oahu",42,3078.27176112499,93016.0959411079,9.5013168373146,5.28091160649284,3.33068054302031,16.6924314030765,27.0597819262369,47.4666143512057,2.20112360508791,7.75482724957393,7.67681464481162,17.6171010669025
0.353106754933,0.0040265224029,"Oahu",43,3818.73331855642,130118.797413434,5.86995818555846,3.71677078882398,1.21674109615793,26.3593664728899,17.9566217950055,23.8219744459232,2.48273719522805,7.21043607725368,4.06546165519382,24.240164692301
0.584376269182,0.0063680171417,"Oahu",44,3605.44481546289,110541.932414629,9.05538512669724,6.27968181614014,1.79909532683136,25.4619129760948,23.8180910075682,49.2845952598697,2.81075353298068,6.47835174232526,5.90082804692649,19.3184130530556
0.368271724465,0.00343230214095,"Oahu",45,2629.00810380975,124509.107525304,8.20448478896092,3.96058218592982,1.09589863286331,33.0089341120418,14.3258541424121,33.138553463328,4.24792015730259,5.24173991807191,3.12676020341153,27.7423377447022
0.603908448203,0.00416921566028,"Oahu",46,3099.86390935332,160426.333723125,4.35983542036928,4.75869248180773,0.388734345698015,37.2698058127463,18.9166443570063,15.497993765359,2.11847809877659,2.8044959631343,3.80006100452935,27.0657208955063
0.254556677533,0.00190463743346,"Oahu",47,4042.60005570652,121624.493100577,9.67603766322232,4.7556018364583,1.2686545476408,18.8676205707558,24.0004837738863,29.7883385417428,1.57747642798315,4.54947389533899,5.02293985690519,17.7525424477694
0.320769122344,0.0033417836214,"Oahu",48,3491.77354017643,155386.701066455,3.22959204015914,2.35046780021921,0.305971710864935,38.1911659362967,19.7103658388691,28.1908849292722,1.54316882656333,2.37375738140857,4.0831523935394,20.9670624764016
0.310038668764,0.00248596541003,"Oahu",49,3517.15605676567,135627.895143898,6.70521672142668,3.66046426164852,0.657931411342539,29.2268805230556,19.5555153244608,22.6546284551066,1.95120957607096,3.53546705248579,5.94803932348973,23.9771243885415
0.211551687465,0.00174019368512,"Oahu",50,4606.78316086565,132574.971196791,5.41492150314184,3.79863429528848,0.216647361862044,29.8862010661755,26.9329886488667,26.726005613463,0.914743755625575,3.09523289147864,8.85329963461983,21.7985682154458
0.153572603516,0.00068937191646,"Oahu",51,4910,125769,4.15125359638307,3.70872908186341,0.428790199081164,26.5237366003063,28.1658496732026,33.0508474576271,0.918079096045198,4.80225988700565,8.71690427698574,23.2790224032587
0.101772519715,0.000384500749349,"Oahu",52,1479.43874538666,111519.435531157,12.2431998242832,2.36324604204719,1.10054109648309,35.6481894249697,25.109451095456,28.9775405790717,0.00464331426935737,3.24532452017134,5.14810044121377,14.6131351897297
0.0225899159889,2.44313309234e-05,"Oahu",53,1462,111447,12.2843340234645,2.35640648011782,1.10395584176633,35.6945722171113,25.0939143501127,28.9568345323741,0,3.23741007194245,5.12995896032832,14.5690834473324
0.138879598729,0.000638052705811,"Oahu",54,1139.92879218113,93908.9909484035,11.0542737970184,3.1358428656026,0.885097770954671,22.1853830481693,23.2137521198095,48.3016232120719,3.2963647389599,3.56066446562964,5.38452924124853,19.0869442290238
0.0819870973793,0.000357567699383,"Oahu",55,4022.7719893614,115541.591631239,9.2016590274305,4.34031722793708,3.1352245913281,23.3434487149714,28.2598889259159,51.1558116320551,2.59073102661961,4.42353945009207,5.20819764157463,11.9427416593896
0.167581969192,0.000725431994816,"Oahu",56,6605.51161699918,112350.629047066,10.3588353463019,7.45610204793458,0.455644209042715,24.6211872667633,27.072787527552,54.3415436630256,0.0129463259152575,3.02884822446259,7.68514892951555,7.35003980357971
0.0972323560245,0.000524278705785,"Oahu",57,2811.88272479923,73626.1272461195,10.8573161110477,11.3546457719049,1.13138638210542,24.3238660878235,36.0794287003347,37.5543993654634,0.253124057868665,7.60473041094374,12.1415712670167,11.8552439998923
0.0566561450989,0.000233299537817,"Oahu",58,2796,73464,10.8594030924128,11.3709677419355,1.13421550094518,24.3226212980466,36.117136659436,37.4841168996188,0.254129606099111,7.62388818297332,12.1602288984263,11.8741058655222
0.122515224818,0.000378674662565,"Oahu",59,2796.00064618805,73474.1386904248,10.8601042160653,11.3697637245335,1.13410251604062,24.3213700096611,36.1135941906788,37.4810030544041,0.25612681630877,7.62262455679253,12.1579281733222,11.8783987263979
0.108590943143,0.000477705184228,"Oahu",60,2797.99848392483,104820.212780656,13.0277879145456,7.64726928915665,0.784783911672169,20.4527265460517,25.1612439882658,27.853840303014,6.43095774445825,3.71583598492224,5.04471171683926,25.1507573280777
0.125844768556,0.000823521348249,"Oahu",61,2600.96515631563,97254.7432864208,13.3012448695827,6.39624203117761,0.703667401845776,21.419011165947,19.2464504996187,53.812259061558,1.6925581845195,1.0944720113287,7.0799476588787,22.2558194655698
0.156315145026,0.000609518469511,"Oahu",62,4344.08088251562,83860.2605876821,8.38589910649566,8.3782423772465,0.550105228934861,18.660615273549,35.577888307108,83.5034027988494,0.467555323227326,1.57799921589222,14.0354883524252,9.5856957957693
0.167597307415,0.000876874550342,"Oahu",63,3819.57143273622,86939.6088509114,8.20020424707504,5.90929660058327,1.14154813064733,18.2747302449998,27.1661528010539,64.0275493772879,0.563452572930591,3.30269161576566,10.5242075859838,15.0369746102978
0.0604276238834,0.00013341454745,"Oahu",64,3358.88214965729,83864.858748651,10.0616581147671,6.05436976387982,0.439152253661103,22.2564882920296,26.8500809424052,69.188473988133,0.493026921691803,4.27469191448301,9.99651461294118,13.2459711467508
0.186508840223,0.00102192004921,"Oahu",65,2144.092492081,85346.2988453745,12.1778396426069,3.23353474690577,1.04555459692276,26.1166633598545,14.0956016133485,44.4944904932373,0.37768004328561,7.94530674680465,3.17953328177855,20.5321277156008
0.0709421069493,0.000214143098021,"Oahu",66,1772,84464,12.8668171557562,2.41343126967471,0.278551532033426,27.8551532033426,12.6642771804062,46.4376590330789,0.508905852417303,8.26972010178117,3.55530474040632,19.4130925507901
0.0666009401359,0.000344841757149,"Oahu",67,8506.62525947521,132125.837927142,4.6589513095177,2.25343742596843,0.0248350745280908,25.6622135037925,33.4379147330182,38.5407189082297,0.563299001508209,1.36350844780096,7.47973233743329,7.76224714828977
0.07780077481,0.000404067381021,"Oahu",68,10419,121087,5.63898847010949,2.32820976491863,0.0345542501727713,25.4837595024188,38.3697813121272,47.1841155234657,0.0722021660649819,0.794223826714801,10.0393511853345,4.87570784144352
0.0867309911475,0.000453637368112,"Kauai",69,5293.27749878053,83761.2760153074,11.6009534516133,3.81658748380809,0.98956753086272,13.1818020817995,22.8817660732738,45.7970160945982,1.92954863090453,6.89690776789493,3.63385404884693,20.3289575533604
0.107836352132,0.000574423483286,"Molokai",70,2924,54907,17.8497587870434,9.3235831809872,0.574412532637076,16.5013054830287,28.6944540130899,28.9010989010989,3.2967032967033,19.2307692307692,7.48974008207934,21.8536251709986
0.0876482963794,0.000282925959281,"Molokai",71,2924,54907,17.8497587870434,9.3235831809872,0.574412532637076,16.5013054830287,28.6944540130899,28.9010989010989,3.2967032967033,19.2307692307692,7.48974008207934,21.8536251709986
0.0663157915332,0.000340318014032,"Molokai",72,2924,54907,17.8497587870434,9.3235831809872,0.574412532637076,16.5013054830287,28.6944540130899,28.9010989010989,3.2967032967033,19.2307692307692,7.48974008207934,21.8536251709986
0.244453250773,0.00237426929914,"Molokai",73,2924,54907,17.8497587870434,9.3235831809872,0.574412532637076,16.5013054830287,28.6944540130899,28.9010989010989,3.2967032967033,19.2307692307692,7.48974008207934,21.8536251709986
0.0867421855415,0.000471356471092,"Molokai",74,3264.03608505903,58250.8397009794,17.9995589506493,9.34656069179952,0.58694358805272,16.3362699233223,28.6506794801551,30.4156293500136,2.89329904296355,19.1146505102716,6.75357693910562,21.7234533073513
0.0967992469929,0.000473695353516,"Molokai",75,5168,76974,18.838334946757,9.47521865889213,0.657108721624851,15.4121863799283,28.405572755418,38.8959390862944,0.634517766497462,18.4644670050761,2.63157894736842,20.9945820433437
0.152768687273,0.000816017700387,"Molokai",76,5168,76974,18.838334946757,9.47521865889213,0.657108721624851,15.4121863799283,28.405572755418,38.8959390862944,0.634517766497462,18.4644670050761,2.63157894736842,20.9945820433437
0.132101382402,0.000740554988379,"Molokai",77,5168,76974,18.838334946757,9.47521865889213,0.657108721624851,15.4121863799283,28.405572755418,38.8959390862944,0.634517766497462,18.4644670050761,2.63157894736842,20.9945820433437
0.0591181505304,0.000188414868197,"Molokai",78,5168,76974,18.838334946757,9.47521865889213,0.657108721624851,15.4121863799283,28.405572755418,38.8959390862944,0.634517766497462,18.4644670050761,2.63157894736842,20.9945820433437
0.200095442693,0.000684057518344,"Molokai",79,5168,76974,18.838334946757,9.47521865889213,0.657108721624851,15.4121863799283,28.405572755418,38.8959390862944,0.634517766497462,18.4644670050761,2.63157894736842,20.9945820433437
0.127495487491,0.000388692374763,"Molokai",80,5168,76974,18.838334946757,9.47521865889213,0.657108721624851,15.4121863799283,28.405572755418,38.8959390862944,0.634517766497462,18.4644670050761,2.63157894736842,20.9945820433437
0.106859008576,0.000781798107423,"Lanai",81,3333,79808,7.45192307692308,2.2700119474313,1.94585448392555,22.1235194585448,24.8868778280543,50.4885993485342,3.99022801302932,20.1954397394137,6.66066606660666,21.3921392139214
0.0627211602195,0.000179306086646,"Lanai",82,3333,79808,7.45192307692308,2.2700119474313,1.94585448392555,22.1235194585448,24.8868778280543,50.4885993485342,3.99022801302932,20.1954397394137,6.66066606660666,21.3921392139214
0.184954767238,0.000900646058678,"Maui",83,1945.62150091385,150603.014349477,1.2451534267526,4.7026838178173,0.268520477913579,20.1161982717425,24.2253651826517,28.2831374869867,0.932478824098583,6.36492548860488,7.5433172967993,19.925614106141
0.0712002969634,0.000218285013546,"Maui",84,1953.75003563395,150460.294665645,1.25794786495432,4.71802794591651,0.275306958362108,20.058495331495,24.206568382134,28.2053233513229,0.92434068637597,6.34914662555572,7.51297570064454,19.8751789050499
0.0728476495298,0.000286907234924,"Maui",85,2212.69483773852,113157.885703146,3.98142417279812,5.12391901911979,0.478045087622217,25.4854066726189,17.0882651795488,30.2776046341438,0.163629372635539,6.60879290434776,6.88469814566433,20.8854750678052
0.106589219178,0.00039626952273,"Maui",86,2720.93363193687,85039.3385607004,11.9107757066667,11.0943977786597,0.359588572493454,20.6300002456561,15.0230422662785,50.6373871149994,0.565867262183646,4.1723986454304,7.76962329580884,22.0804994524381
0.0998310941378,0.000535859795599,"Maui",87,2834.78150082968,83355.7922143903,12.9335367590194,11.3833562693624,0.315150274220262,19.3662125325979,15.8954647260785,52.4741317163341,0.654231546621044,4.33580337866991,8.28942004684695,21.7133006310721
0.103824426967,0.000431279301477,"Maui",88,3133.41004953861,105754.748842087,9.3190105010009,3.76437302931416,0.246026130101061,17.1883175223873,25.3294466717548,33.4186658057177,0.482257602717496,9.96323869812601,10.8795619564738,16.0691036087767
0.184077763499,0.00102094070377,"Maui",89,3332.24443622545,102195.383808649,11.1925772330016,8.04094321475965,1.32363765841803,23.5107300084885,17.8619563645516,36.0681907226497,3.854137517071,8.07634639166537,4.14666225203886,22.5371224314177
0.102592728167,0.00067395290631,"Maui",90,981,117917,8.29918032786885,10.5381165919283,0.362756952841596,32.1644498186215,13.0122950819672,22.7790432801822,3.87243735763098,0.455580865603645,0.713557594291539,30.7849133537207
0.0563989612658,0.000188461138358,"Maui",91,981,117917,8.29918032786885,10.5381165919283,0.362756952841596,32.1644498186215,13.0122950819672,22.7790432801822,3.87243735763098,0.455580865603645,0.713557594291539,30.7849133537207
0.0510214046975,9.32071910418e-05,"Maui",92,981,117917,8.29918032786885,10.5381165919283,0.362756952841596,32.1644498186215,13.0122950819672,22.7790432801822,3.87243735763098,0.455580865603645,0.713557594291539,30.7849133537207
0.327918856891,0.00280756938152,"Maui",93,3180.1481361273,110038.431118233,9.97370255152588,8.39873357521489,0.93249136518352,25.0397225236229,16.2727552270802,36.4588674604643,0.625078752464378,2.43052163088582,3.68709302302693,26.0632720001931
0.164380746054,0.000525615944616,"Maui",94,1981,195556,5.35083291267037,19.1724137931034,1.43112701252236,33.5122242098986,9.18727915194346,5.04484304932735,0.672645739910314,2.80269058295964,0.757193336698637,48.4098939929329
0.0394556469115,9.7418477555e-05,"Maui",95,5849,90319,14.3853530950305,4.42444694413198,0.301204819277108,24.8146431881372,23.2305837781987,31.8435754189944,0.37243947858473,6.8901303538175,4.37681654983758,26.3976748162079
0.0526889014361,0.00017219819016,"Maui",96,5849,90319,14.3853530950305,4.42444694413198,0.301204819277108,24.8146431881372,23.2305837781987,31.8435754189944,0.37243947858473,6.8901303538175,4.37681654983758,26.3976748162079
0.0915020137951,0.000391505093723,"Maui",97,1307,60707,16.6794185156848,11.3868613138686,0,12.7659574468085,11.2471308339709,43.2246998284734,0,15.0943396226415,5.04973221117062,26.4728385615914
0.0877403296896,0.000297743044599,"Maui",98,1307,60707,16.6794185156848,11.3868613138686,0,12.7659574468085,11.2471308339709,43.2246998284734,0,15.0943396226415,5.04973221117062,26.4728385615914
0.0970203005076,0.000408965881903,"Maui",99,1307,60707,16.6794185156848,11.3868613138686,0,12.7659574468085,11.2471308339709,43.2246998284734,0,15.0943396226415,5.04973221117062,26.4728385615914
0.0614511174496,0.000128280206622,"Maui",100,1307,60707,16.6794185156848,11.3868613138686,0,12.7659574468085,11.2471308339709,43.2246998284734,0,15.0943396226415,5.04973221117062,26.4728385615914
0.158251688174,0.000788650154482,"Maui",101,1307,60707,16.6794185156848,11.3868613138686,0,12.7659574468085,11.2471308339709,43.2246998284734,0,15.0943396226415,5.04973221117062,26.4728385615914
0.118281781828,0.000687199234173,"Maui",102,1307,60707,16.6794185156848,11.3868613138686,0,12.7659574468085,11.2471308339709,43.2246998284734,0,15.0943396226415,5.04973221117062,26.4728385615914
0.137160039942,0.000390393733468,"Maui",103,1307,60707,16.6794185156848,11.3868613138686,0,12.7659574468085,11.2471308339709,43.2246998284734,0,15.0943396226415,5.04973221117062,26.4728385615914
0.0644279070997,0.00026043338708,"Maui",104,1307,60707,16.6794185156848,11.3868613138686,0,12.7659574468085,11.2471308339709,43.2246998284734,0,15.0943396226415,5.04973221117062,26.4728385615914
0.0599042637535,0.000210171144578,"Maui",105,1307,60707,16.6794185156848,11.3868613138686,0,12.7659574468085,11.2471308339709,43.2246998284734,0,15.0943396226415,5.04973221117062,26.4728385615914
0.0385473979286,8.75089952934e-05,"Hawaii",106,5104,86222,11.0802775024777,5.19685039370079,1.56748140276302,21.7587672688629,22.7165817326539,40.0345622119816,0,4.26267281105991,5.03526645768025,22.1590909090909
0.143359774732,0.00117675133507,"Hawaii",107,6532,98634,8.35252571779518,4.95453120100345,0.314597315436242,18.4773489932886,20.8966682020574,15.2759948652118,0.0855798031664527,12.0239623448866,2.75566442131047,30.7715860379669
0.0811601681166,0.000409688105812,"Hawaii",108,6532,98634,8.35252571779518,4.95453120100345,0.314597315436242,18.4773489932886,20.8966682020574,15.2759948652118,0.0855798031664527,12.0239623448866,2.75566442131047,30.7715860379669
0.0622824785581,0.000220281326529,"Hawaii",109,4092.72157640463,109563.871436014,6.56715855084076,4.35243022606945,0,26.9838448273172,17.2882673381059,18.9074801115733,0.159927505877549,1.90822404632626,4.31417814452915,28.2001125178712
0.125454902987,0.000706223349037,"Hawaii",110,4282.46959044681,99227.9975090091,8.36756499422709,8.95113185404833,0,25.4550888994078,20.1429370613127,21.248284808509,0.0868538162592527,3.12774479773311,5.49515856300642,24.994583566986
0.210652746898,0.00157941335828,"Hawaii",111,5061.30500772917,95214.1049454478,10.5737039955846,8.14643985199515,0.400723753789583,25.009876302044,21.6923570028893,23.7476587669256,0.292973686092341,5.48354170633356,6.30570439863517,23.3574916398767
0.308023343697,0.00380216297114,"Hawaii",112,5321.82059387678,92588.6824288545,10.4789053012105,4.26373787726137,1.69536156005971,23.8624797945439,23.4095444764602,24.4878210991673,1.23287217410862,10.0518582845821,6.47504757203894,23.1336400261899
0.0582680942524,0.000188512769263,"Hawaii",113,3789,82896,5.66693397487303,9.17822838847385,0.837654567211807,15.6362185879537,23.3769703446433,14.743049705139,4.97051390058972,13.1423757371525,4.46027975719187,20.7706518870414
0.0525792716981,0.000112613774945,"Hawaii",114,4033,112817,6.00049590875279,2.90502793296089,0,27.4650077760498,16.3897842796925,18.1707317073171,0.182926829268293,1.52439024390244,3.94247458467642,29.2090255393008
0.11683082483,0.000390075694704,"Hawaii",115,4033,112817,6.00049590875279,2.90502793296089,0,27.4650077760498,16.3897842796925,18.1707317073171,0.182926829268293,1.52439024390244,3.94247458467642,29.2090255393008
0.131685903954,0.000674687826628,"Hawaii",116,4033,112817,6.00049590875279,2.90502793296089,0,27.4650077760498,16.3897842796925,18.1707317073171,0.182926829268293,1.52439024390244,3.94247458467642,29.2090255393008
0.0991266405389,0.000421127743228,"Hawaii",117,4033,112817,6.00049590875279,2.90502793296089,0,27.4650077760498,16.3897842796925,18.1707317073171,0.182926829268293,1.52439024390244,3.94247458467642,29.2090255393008
0.138176023285,0.00134518215096,"Hawaii",118,4303.2934657579,98093.6881410107,8.56515040493938,9.45581586761943,0,25.2873157451823,20.4562224818241,21.505176167202,0.0788343520829654,3.26158097090614,5.62476513150388,24.6427931384206
0.110035610157,0.000603352174222,"Hawaii",119,3897,97527,6.03027970233513,3.08274743104381,2.17616580310881,24.2141623488774,22.3221166195736,20.9594095940959,1.25461254612546,9.07749077490775,5.2604567616115,26.1996407492943
0.0856882060696,0.000551810173498,"Hawaii",120,5227.29046068095,98963.8883924595,9.52024393470525,4.19248468391306,0.937984646230546,23.0604385281334,20.2498067201565,29.9158312055259,0,4.18953318629751,5.30647458115341,21.8768488556684
0.155729076564,0.000951470103383,"Hawaii",121,5411,117950,7.19570847206807,2.69592476489028,0,25,16.5741768405475,14.8383677795443,0,4.08055113937467,5.71058953982628,21.4562927370172
0.24430438076,0.0021451513264,"Hawaii",122,5071.99238411417,105874.966776781,8.27716603806969,3.1702432596073,0.683791473727794,23.2139805145019,17.3002751648728,24.9494237651331,0.258190853006283,4.42159754132827,4.98853223369984,21.6710611556998
0.239271777894,0.00154296497823,"Hawaii",123,5209.36329951938,87057.2412084635,12.1251163857102,5.1981311738975,1.34906542556763,20.8882535581058,22.2656695342988,39.8865557143029,0.358098977333755,4.82782759972418,5.10981967293501,21.3250307063642
0.240061312147,0.00208295349367,"Hawaii",124,4900.8895536497,87040.3302803305,11.590930276904,4.51132155039491,1.552536122181,22.107353285244,22.5942135288471,38.9006110221234,0.36321828353673,3.60226376301423,5.54517052482854,21.7439511117574
0.427144125524,0.0039780146977,"Hawaii",125,4798.37747328606,89589.9254000659,14.3213756771876,4.00821437899246,1.82705898808397,22.4309408079919,21.7650399445324,35.9713872264154,1.35045941148976,3.62591301288845,5.85333455517038,22.6004544816729
0.188793188704,0.00141449882123,"Hawaii",126,4626.29211462774,94920.2834663995,11.8141838623622,4.07166130516001,3.12038106342612,26.4356853185844,20.7392820851075,31.4185947561286,1.30075951829172,4.87774825553785,5.47890206380633,28.205549271388
0.117310591926,0.000500164553338,"Hawaii",127,3853.42358931926,91031.4008455833,8.03018130433659,5.46510348095766,1.63822880398374,22.919408451686,20.7851780451433,32.3042812843014,3.7091695145928,12.4536473231902,6.63333518075979,28.3653738631044
0.156570780358,0.00090118189172,"Hawaii",128,3956.31857750554,86742.8755405508,6.94797831163911,6.30923859478174,0.421310567221522,19.8059350706752,20.8134808343635,34.4962858593413,3.80400638355497,14.54956356226,6.64650588876057,26.4437276715151
0.23511319313,0.00240462261519,"Hawaii",129,6427.00012509601,91199.9913311373,14.248581670559,5.3492367767281,0.365321212918131,20.4630808508255,15.4686640530568,26.2323187236804,0.474375096131819,8.66285907890684,3.57907548742071,27.1071358889377
0.122345072792,0.000927650803767,"Hawaii",130,6779,91835,15.288704170996,5.21246458923513,0.357344367124318,20.5567049087831,14.7071839504352,25.0549450549451,0,7.82417582417582,3.14205635049417,27.2016521610857
0.128711905364,0.000754495585184,"Hawaii",131,6779,91835,15.288704170996,5.21246458923513,0.357344367124318,20.5567049087831,14.7071839504352,25.0549450549451,0,7.82417582417582,3.14205635049417,27.2016521610857
0.243780438681,0.00179552723093,"Hawaii",132,6779,91835,15.288704170996,5.21246458923513,0.357344367124318,20.5567049087831,14.7071839504352,25.0549450549451,0,7.82417582417582,3.14205635049417,27.2016521610857
0.138860646985,0.000835344843738,"Hawaii",133,6779,91835,15.288704170996,5.21246458923513,0.357344367124318,20.5567049087831,14.7071839504352,25.0549450549451,0,7.82417582417582,3.14205635049417,27.2016521610857
0.20162433481,0.00107307682849,"Hawaii",134,6779,91835,15.288704170996,5.21246458923513,0.357344367124318,20.5567049087831,14.7071839504352,25.0549450549451,0,7.82417582417582,3.14205635049417,27.2016521610857
0.327683390235,0.00414274479143,"Hawaii",135,5533.9024310154,47925.2027499739,13.1889630869287,14.2594565125999,0.0974388471491381,8.33160935549348,20.9149634237525,20.9581661509397,4.74422046668609,7.46224085960047,7.30025829090427,27.340244818757
0.257022855363,0.00208042717729,"Hawaii",136,2652.68481679656,53912.4209060119,15.0059056951308,10.0870480755833,9.07123107390366e-05,17.3697798332171,18.869830253111,23.389039177469,0.699421255709138,14.6020425415636,5.32259756866258,32.2218662330863
0.163809062428,0.000774738157924,"Hawaii",137,5074.59308001277,48879.6552258958,13.4786110212131,13.5943119564004,0.0819200927123741,9.77242944346169,20.5889384873903,21.3456838124572,4.09941873725009,8.600432456322,6.9849894759583,28.1184485728195
0.0907537573996,0.000394671079859,"Hawaii",138,2650,53918,15.0075987841945,10.0831600831601,0,17.3782019085887,18.8679245283019,23.3913043478261,0.695652173913043,14.6086956521739,5.32075471698113,32.2264150943396
0.0628943534572,0.000133594417216,"Hawaii",139,2650,53918,15.0075987841945,10.0831600831601,0,17.3782019085887,18.8679245283019,23.3913043478261,0.695652173913043,14.6086956521739,5.32075471698113,32.2264150943396
0.153260162941,0.00116651380108,"Hawaii",140,2650,53918,15.0075987841945,10.0831600831601,0,17.3782019085887,18.8679245283019,23.3913043478261,0.695652173913043,14.6086956521739,5.32075471698113,32.2264150943396
0.16153965102,0.00113081106875,"Hawaii",141,3748.87982199851,51634.5094406251,14.3146273265617,11.6744926565648,0.037128018569368,13.9310956862959,19.6479265536356,22.4641833606743,2.23831532266071,11.8856163669921,6.07502313867395,30.3645927715934
0.0354062546274,8.20214469471e-05,"Hawaii",142,5534,47925,13.1889015583428,14.2595978062157,0.097442143727162,8.33130328867235,20.9150326797386,20.9580838323353,4.74435743896822,7.46199907876554,7.30032526201662,27.340079508493
0.0858755231709,0.000565294198387,"Hawaii",143,5534,47925,13.1889015583428,14.2595978062157,0.097442143727162,8.33130328867235,20.9150326797386,20.9580838323353,4.74435743896822,7.46199907876554,7.30032526201662,27.340079508493
0.0622150823871,0.00028837838953,"Hawaii",144,5534,47925,13.1889015583428,14.2595978062157,0.097442143727162,8.33130328867235,20.9150326797386,20.9580838323353,4.74435743896822,7.46199907876554,7.30032526201662,27.340079508493
0.115880901058,0.000519012808352,"Hawaii",145,1722.23209443869,27951.6668786452,42.3828609107443,8.30873595344831,0.132898196134863,28.9549774088665,15.5702625905403,20.1461262877699,0.427653329601989,13.0477162165012,2.71539681969379,30.2569886946881
0.0760392188967,0.000404028834434,"Hawaii",146,1183.79913369547,30550.9757848047,45.190812177231,4.22360248292644,0.0281654562580646,30.1593761073754,16.8767533669301,20.8304576167945,0.090633669220742,14.5672120351835,3.3818809216409,29.394581055974
0.129308034326,0.000791403999766,"Hawaii",147,2680,23328,37.3880597014925,15.5753968253968,0.319197446420429,26.812585499316,13.2462686567164,18.9288334556126,1.02714600146735,10.3448275862069,1.52985074626866,31.7910447761194
0.0748449921166,0.000401126357313,"Hawaii",148,1039,31250,45.945945945946,3.125,0,30.4832713754647,17.228103946102,21.0144927536232,0,14.975845410628,3.56111645813282,29.162656400385
0.39736227684,0.00276621630149,"Hawaii",149,2548.21888895509,24406.2119792092,38.344859248039,14.0696292086075,0.293006058826845,27.0583037660595,13.8372412687619,19.1751525058824,0.989050874770305,10.8173228098038,1.81024579017044,31.3911067396298
0.179824057182,0.000755127702469,"Hawaii",150,3673.47000221652,26899.5884542037,37.3097084436675,13.5356870624544,0.501876157434467,23.6616823044735,15.969602566552,19.1583921075637,2.48928496835928,9.44551945528211,2.52007985235521,29.8071141393444
0.0998172545056,0.000547579152201,"Hawaii",151,6651,37604,37.0748818057038,7.4224707676665,1.04938271604938,14.2181069958848,24.1317095173658,19.8464025869038,6.8714632174616,6.75020210185934,5.48789655690874,23.8610735227785
0.0803791147021,0.00040100553313,"Hawaii",152,6651,37604,37.0748818057038,7.4224707676665,1.04938271604938,14.2181069958848,24.1317095173658,19.8464025869038,6.8714632174616,6.75020210185934,5.48789655690874,23.8610735227785
0.126052181956,0.00105334699107,"Hawaii",153,6480.45271741665,36990.8715673231,37.0883322310607,7.77262422630385,1.0180225766594,14.7590171153294,23.6641994799683,19.8069946488721,6.62046034167642,6.90458477832883,5.31790563337686,24.2016514749874
0.160825810249,0.00148093578443,"Hawaii",154,4287.87598812396,33501.7321032354,39.9403326392981,7.24581982858231,0.60930570844998,21.2254466335967,20.3493575013898,20.083838009997,3.83472598669724,9.8891957219515,4.29804964732939,26.7030619050388
0.193014217188,0.00152782109401,"Hawaii",155,6651,37604,37.0748818057038,7.4224707676665,1.04938271604938,14.2181069958848,24.1317095173658,19.8464025869038,6.8714632174616,6.75020210185934,5.48789655690874,23.8610735227785
0.108508329129,0.000493219575346,"Hawaii",156,5404.32253088016,36227.8987208769,39.0134295421313,6.46198222001477,0.8156106074938,17.8312546069437,22.5961535837469,20.112004721455,5.34450637154497,8.57096554598766,5.05862867432644,25.0358569350489
0.152473923687,0.00134020617498,"Hawaii",157,6095.51299935323,56440.6022225511,27.1377493400395,9.65723048882652,1.48204919831531e-05,15.5808948368339,21.8927788692638,17.3254781408917,1.67532624340327,11.5435053933006,3.85042112069511,18.4192446216698
0.278087346179,0.00416395410953,"Hawaii",158,6508.95635040967,73119.5206569074,13.1789541143993,2.55445675003251,0.430273693774017,16.9634425022225,21.5256207083923,24.4998299862555,2.80920553600777,6.27832686796742,7.6169919757696,21.8500775511741
0.469616019631,0.00757088169934,"Hawaii",159,5775.54850937951,64390.8207779427,21.9439992911507,8.74320780227551,1.29590995809751,14.8262385796372,23.381032676898,19.18010930858,2.00867818718604,14.4705886771006,4.87719379063417,22.7575404378772
0.453410855514,0.0081624063738,"Hawaii",160,4725.34768594419,60960.8194922015,19.7966719730468,7.2495972491385,1.33233236955919,16.7064649867752,22.3581962223183,21.2430250873942,2.80790024466617,14.5607575565803,5.2563698286992,24.411573614158
0.571980165841,0.00617260577753,"Hawaii",161,3939.15312826047,54857.551854406,17.8595547414385,7.31356208242824,1.99554590180512,19.4372088228377,17.9726734977239,22.5233649114725,4.6027329827686,13.510168908599,4.03547511000787,26.4041163816098
0.258878927796,0.00244675247143,"Hawaii",162,4143.07007553444,66938.6453223521,16.5180645195382,3.97671330055918,0.797654167255964,20.3257438080606,21.6509409104405,23.5816830590345,2.94837388250603,13.423983869314,6.65171938006391,23.4997800497523
0.104401544533,0.000695180343253,"Hawaii",163,4864.59855941097,71318.5133993931,12.5890091519443,4.9356469961424,0.0267726839383801,16.8530141375444,23.8029253491248,23.6694266363535,2.75578532373699,11.6878845904178,8.48597794300303,22.4854331270318
0.174268596565,0.000825965699764,"Hawaii",164,5076,74380,17.2026040639179,6.18878005342832,2.81875658587987,19.9947312961012,20.0039455513908,21.8520609824958,2.99265951439864,15.2456239412761,5.08274231678487,26.8321513002364
0.808424703983,0.0111142336384,"Hawaii",165,5191.89251673439,89443.045328589,10.391910687881,4.92934788264229,0.734755785169745,22.6374818744599,22.2664913248314,23.4923806148089,2.21141604549091,8.46993942722114,4.57139989221495,21.1679892625137
0.154359709275,0.000848156079413,"Hawaii",166,2839.61100000796,68297.2206859002,8.91783706823208,3.90600126669219,1.19839957104292,19.4447438083425,28.0950105406918,26.6624307339598,1.34216212126542,14.9142060231319,6.10261229415401,15.5158219111327
0.123510721866,0.00084624224318,"Hawaii",167,2548.60817529711,67731.226085549,7.96409025510317,3.42532261252088,1.07261691295473,18.5102482552653,29.2887379965102,25.5161377226595,1.4479460817766,15.1601700175762,6.43312671205618,14.7482155082674
0.217157664582,0.00156766503907,"Hawaii",168,4752,80109,12.9332206255283,7.27046115496468,2.34018264840183,24.6860730593607,19.5762711864407,26.4635603345281,0.657108721624851,14.8745519713262,4.08249158249158,19.7390572390572
0.139824353223,0.00101781539491,"Hawaii",169,4752,80109,12.9332206255283,7.27046115496469,2.34018264840183,24.6860730593607,19.5762711864407,26.4635603345281,0.657108721624851,14.8745519713262,4.08249158249158,19.7390572390572
0.201259446462,0.00181423810218,"Hawaii",170,4752,80109,12.9332206255283,7.27046115496469,2.34018264840183,24.6860730593607,19.5762711864407,26.4635603345281,0.657108721624851,14.8745519713262,4.08249158249158,19.7390572390572
0.154686258375,0.00118365182811,"Hawaii",171,4607.77017730625,79343.6121267385,13.329823124606,7.41232801852932,2.22838267210173,24.1843921426955,19.6775621286631,26.469325447338,0.625715984158648,14.5700507987107,4.12728951873115,20.190945442125
0.0639571576354,0.000257827491824,"Hawaii",172,1733,64088,21.2348528563185,10.24,0,14.1849529780564,21.6964800923254,26.5842349304482,0,8.50077279752705,5.0201961915753,29.197922677438
0.0991352368024,0.000412581225381,"Hawaii",173,1733,64088,21.2348528563185,10.24,0,14.1849529780564,21.6964800923254,26.5842349304482,0,8.50077279752705,5.0201961915753,29.197922677438
0.187748829064,0.00116025307871,"Hawaii",174,1733,64088,21.2348528563185,10.24,0,14.1849529780564,21.6964800923254,26.5842349304482,0,8.50077279752705,5.0201961915753,29.197922677438
0.191586290376,0.00172140517061,"Hawaii",175,1733,64088,21.2348528563185,10.24,0,14.1849529780564,21.6964800923254,26.5842349304482,0,8.50077279752705,5.0201961915753,29.197922677438
0.089736740524,0.00037261781373,"Hawaii",176,1733,64088,21.2348528563185,10.24,0,14.1849529780564,21.6964800923254,26.5842349304482,0,8.50077279752705,5.0201961915753,29.197922677438
0.0696138491052,0.000298271073431,"Hawaii",177,2003.9225566832,69270.7365744352,20.4424266065907,8.96940754949229,0.233756017737305,14.4940934795703,23.1528254195028,26.6698472680616,1.20813550587087,10.9433555984229,6.06429353263405,25.0955259006542
0.130498863492,0.000834903961865,"Hawaii",178,2641,81458,18.5790273556231,5.98159509202454,0.783435926133184,15.2210408505876,26.5774378585086,26.8711656441718,4.04907975460123,16.6871165644172,8.51950018932223,15.4486936766376
0.272899477676,0.00202615324472,"Hawaii",179,2641,81458,18.5790273556231,5.98159509202454,0.783435926133184,15.2210408505876,26.5774378585086,26.8711656441718,4.04907975460123,16.6871165644172,8.51950018932223,15.4486936766376
0.162103478117,0.000932390173563,"Hawaii",180,2641,81458,18.5790273556231,5.98159509202454,0.783435926133184,15.2210408505876,26.5774378585086,26.8711656441718,4.04907975460123,16.6871165644172,8.51950018932223,15.4486936766376
0.0900255732425,0.000412471409598,"Hawaii",181,2854.89042736768,81725.9219813195,16.1733015965465,6.57717807278698,0.793537710376739,15.298394982712,25.9811405028318,24.6115071935059,4.22075740553907,16.0266756842331,7.76320367973341,16.4402580634462
0.153828024664,0.00133130551297,"Hawaii",182,3789,82896,5.66693397487303,9.17822838847385,0.837654567211807,15.6362185879537,23.3769703446433,14.743049705139,4.97051390058972,13.1423757371525,4.46027975719187,20.7706518870414
0.185944372249,0.00132330480318,"Hawaii",183,3727.40038728739,82818.8395095116,6.35977365393515,9.00670280219727,0.834745292566992,15.6139408982075,23.5487016681219,15.393822566444,4.9210714036097,13.33258014667,4.67809021584549,20.4850851931097
0.0755896327472,0.000411205713282,"Hawaii",184,3789,82896,5.66693397487303,9.17822838847385,0.837654567211807,15.6362185879537,23.3769703446433,14.743049705139,4.97051390058972,13.1423757371525,4.46027975719187,20.7706518870414
0.0939258831124,0.000504841187287,"Hawaii",185,3789,82896,5.66693397487303,9.17822838847385,0.837654567211807,15.6362185879537,23.3769703446433,14.743049705139,4.97051390058972,13.1423757371525,4.46027975719187,20.7706518870414
0.230284453683,0.00158154613821,"Hawaii",186,6532,98634,8.35252571779518,4.95453120100345,0.314597315436242,18.4773489932886,20.8966682020574,15.2759948652118,0.0855798031664527,12.0239623448866,2.75566442131047,30.7715860379669
0.297617792734,0.00296513798942,"Hawaii",187,6532,98634,8.35252571779518,4.95453120100345,0.314597315436242,18.4773489932886,20.8966682020574,15.2759948652118,0.0855798031664527,12.0239623448866,2.75566442131047,30.7715860379669
0.061975541591,0.000240422992756,"Maui",188,2991,81719,12.0121130551817,6.22377622377622,1.0088781275222,13.7610976594027,14.4957264957265,29.9635701275046,2.18579234972678,10.200364298725,4.58040789033768,25.3761283851555
0.13328431548,0.000585662004843,"Maui",189,2991,81719,12.0121130551817,6.22377622377622,1.0088781275222,13.7610976594027,14.4957264957265,29.9635701275046,2.18579234972678,10.200364298725,4.58040789033768,25.3761283851555
0.401097661783,0.00517333307053,"Maui",190,3773.02517459684,95187.5720755304,11.0578374384045,7.33256521564927,0.892818799437851,19.2185297397856,20.5205829680219,33.5886403990763,1.48003774440374,4.77334490349636,6.59803310050013,18.2099982820826
0.120852744291,0.00086225968066,"Maui",191,6027.42113658012,85540.1759645656,12.2567692746436,5.57735518495506,2.4560700834148,23.1180681627768,22.9782871242054,37.5321096292754,1.01736106486055,6.2027856985406,6.87184543626875,18.0477347767831
0.101224458768,0.000593942835973,"Maui",192,4865.54965896,100596.147669324,9.68404083983384,4.31937529815569,1.69521452666217,22.9178177485868,21.0212725637483,36.0301340677425,0.713837296816806,5.30691344633513,6.59337912539191,20.0495020972919
0.17201098678,0.000809132998142,"Maui",193,3112.7218686331,96344.2932342284,7.63520854026114,2.40421903663657,0.71138576069225,16.9186378541805,19.1080412912582,30.5652052121368,0.792876338567342,7.96842892497512,6.15570518787823,25.8647402437239
0.155844121216,0.000851447710665,"Maui",194,3093.33097782959,105023.351015557,5.98620022219448,1.23959180246907,0.568673311361909,18.6268684963486,20.2177631725785,31.1036406763318,0.300178190804847,6.71576906616207,6.60148016521638,25.7013747246113
0.120970185,0.000845583533166,"Maui",195,5156.7540235772,130422.396143561,9.83944708448098,5.75124335384158,0.26946484914657,22.2910371285551,17.7156285501451,37.6476360937527,1.40265676930397,3.14025686706184,6.21151360196321,21.027500348115
0.092846459424,0.000468572089737,"Maui",196,2298.25478297152,155196.46166231,3.72849125042202,2.94307472683036,0.00125048423104528,27.2403221666492,14.2121833763538,35.6329811488284,0.00719047036257043,0.0224448543314343,5.44647200582089,21.2841452096166
0.257180570982,0.00231156909946,"Maui",197,3761.76387434814,113298.014053738,6.85202428653421,5.61498634997994,1.26486119126698,15.3140602057225,21.3877720138157,24.0512341996199,3.93534661953018,1.66097937551127,3.07860125761238,17.074076159257
0.165028363099,0.00113775031377,"Maui",198,5658.20649836813,92334.9461261778,13.7261388346897,4.50383013260256,0.379643072722692,24.0596577821242,23.0622338460393,31.1755242843405,0.658396288314992,6.4404654182787,4.26166552243788,25.6312219748046
0.172741705193,0.00103180040486,"Maui",199,5849,90319,14.3853530950305,4.42444694413198,0.301204819277108,24.8146431881372,23.2305837781987,31.8435754189944,0.37243947858473,6.8901303538175,4.37681654983758,26.3976748162079
0.176572867555,0.00159606777544,"Maui",200,4702.45590948667,101316.704196179,10.3570741226771,5.02344737834909,0.844861907775939,19.6000715053713,22.4597026443313,27.1639479918711,2.32475480342381,4.12566477679311,3.55328201898669,21.4147713381876
0.100286415544,0.00049348893808,"Maui",201,5626.65807359266,92451.7140903424,13.6041748444687,4.5406072484453,0.406632744257923,23.8034148167832,23.0810917545135,30.9360853489445,0.751039441613578,6.35403531223285,4.21711379128917,25.4313723708228
0.058360793804,0.000183484346,"Maui",202,2642,120147,15.0264950794852,11.2883435582822,0.376952073236403,24.8788368336026,20.607210626186,38.7706855791962,0,1.77304964539007,5.45041635124905,13.4746404239213
0.0984777990306,0.000544187048522,"Maui",203,2642,120147,15.0264950794852,11.2883435582822,0.376952073236403,24.8788368336026,20.607210626186,38.7706855791962,0,1.77304964539007,5.45041635124905,13.4746404239213
0.104018323538,0.000411640534911,"Maui",204,5271,78913,8.91671409599697,3.80106571936057,2.93270489656978,22.2833202409008,20.906848795295,51.2889366272825,3.11493018259936,11.8689581095596,3.20622272813508,18.2318345664959
0.183789821245,0.0015728535697,"Maui",205,4797.62090996634,94385.0121835919,11.174401695942,4.76858886530612,2.0879092081195,20.8214824002673,21.2927680554829,42.1041103591682,2.69100902985354,10.3944000766053,3.72458075371037,17.4188218961908
0.1737913529,0.00108063440082,"Maui",206,5330.23981883055,103403.771294686,7.21065063684495,3.60434521270499,1.08085344542973,24.5688229270848,23.6981123980189,25.5056104937367,3.12196810609886,12.0432507006402,5.67749656046406,20.0561055884067
0.102840164045,0.000624118559272,"Maui",207,6965.16830220626,120105.676106039,13.5464680600228,5.62240299054835,0.529014513389415,18.5316610790457,27.3183797406255,20.4369284745441,1.55696334668082,3.24562294295563,5.53720313581557,13.3407777118878
0.0891329509352,0.00044709563341,"Maui",208,7593.11911267439,122943.933938316,5.05887126989428,1.72733096006718,0.681506080200414,25.4555759710458,26.5342700868025,14.8472135165567,1.43816814091143,5.65182235495474,6.5773452359651,16.9667445311878
0.0564465282006,0.000142700194667,"Maui",209,7279.30380217034,121306.653270885,6.39255871137948,3.18635133353892,0.612506925229774,16.059956951767,24.856772697374,15.1709995700677,3.90027283892303,13.4296483563947,5.04721349886262,20.0916787847532
0.084871239032,0.000439999849105,"Maui",210,8285.47822011978,125413.87879645,5.66010732710091,3.15425620695571,0.410237450495147,19.5040327227909,27.1955541357202,16.0009792182553,0.302283412522966,3.45784333435843,5.83502489925221,14.5710757037516
0.0634574260811,0.000170017506234,"Maui",211,7978.88280786916,124085.349004854,6.12216553876454,3.47720244115818,0.443325024782185,16.6561071842713,26.277996777627,15.8739972491175,1.68823244857657,7.5052005644284,5.31737296924816,16.5565281202588
0.112615438245,0.000542203721981,"Maui",212,8364,125694,5.72829466634776,3.31608654750706,0.379472352728587,18.8290567401518,27.2705516333613,16.131830008673,0.173460537727667,3.20901994796184,5.75083692013391,14.2993782879005
0.13058360429,0.000784751790904,"Maui",213,8364,125694,5.72829466634776,3.31608654750706,0.379472352728587,18.8290567401518,27.2705516333613,16.131830008673,0.173460537727667,3.20901994796184,5.75083692013391,14.2993782879005
0.0663564791547,0.000225498458377,"Maui",214,8364,125694,5.72829466634776,3.31608654750706,0.379472352728587,18.8290567401518,27.2705516333613,16.131830008673,0.173460537727667,3.20901994796184,5.75083692013391,14.2993782879005
