Shape_Leng,Shape_Area,Island,WUI_Riskar,Wind_mph,NDVI_mean,mean_ann_rainfall_mm,avg_weeks_any_drought,avg_weeks_sev_drought,mean_slope_roughness,Avg_Fuel_Value,grass_mean,pct_dom_grass,Slope_mean_mm,total_pop,med_hh_income,pct_poverty,pct_unemployed,pct_less_hs,pct_bachelors_plus,pct_disability,pct_renter,pct_no_vehicle,pct_no_internet,pct_under5,pct_65plus,WUI_Area_m2,SUM_BurnArea_m2,COUNT_FIRE_UID,Freq_perYr,FRI_years
0.130783892,0.000653065,Kauai,Kekaha,4.408607511,0.385487065,505.2776286,10,0.646153846,0.209917,0.79284865,0.178941639,13.05971452,0.209916937,5622,82599,12.82604785,3.320101047,0.253036437,13.68927126,23.87166939,43.9079169,2.414373947,6.400898372,3.66417645,20.84667378,7468774.916,330892.9129,1,0.041666667,24
0.123977325,0.000748208,Kauai,Waimea,5.227377531,0.456582348,528.5084885,11.184,0.7,1.159194,0.771826551,0.28270503,13.40371081,1.159194387,5060.59812,84583.96889,10.73379589,4.168015072,1.510905731,12.82260059,22.18108362,47.13417563,1.586375125,7.247997692,3.612390969,19.9625029,8557307.894,694170.7901,2,0.083333333,12
0.060208153,0.000171244,Kauai,Pakala,7.759101101,0.452501085,521.3278809,1.91,0.12,0.376909,0.868728664,0.224200484,14.29347921,0.3769095,3985,88387,6.725219573,5.792546026,3.920876016,11.16213352,18.94206549,53.31541219,NA,8.870967742,3.513174404,18.2685069,1958921.178,NA,NA,NA,NA
0.117363156,0.00056463,Kauai,Hanapepe,8.492373375,0.497437875,631.2269218,15.295,0.806666667,1.300507,0.900403356,0.367200961,34.65820143,1.300506551,3994.643182,88506.27691,6.760051163,5.766121939,3.898324551,11.2384873,18.96715953,53.11485127,0.017770392,8.84076126,3.533980998,18.29686086,6459723.312,NA,NA,NA,NA
0.098842262,0.00044183,Kauai,Eleele,7.345464195,0.509088309,687.4444896,13.46,0.793333333,1.242053,0.821178433,0.383858905,36.05842765,1.242053258,5099.836868,102827.4022,10.82746114,2.722426633,1.262054406,20.32472219,21.96137568,29.51877565,2.079655828,5.239510324,5.990377992,21.57718575,5055127.064,NA,NA,NA,NA
0.061853309,0.000288868,Kauai,Numila,6.606278708,0.549732816,807.081142,10.92363636,0.694545455,0.327157,0.929560834,0.414742804,36.7721256,0.327156885,5516,107324,12.25525743,1.597325409,0.340492404,23.28444212,22.92612089,21.47335423,2.821316614,4.07523511,6.81653372,22.77012328,3305282.851,NA,NA,NA,NA
0.162158928,0.001537442,Kauai,Kalaheo,5.733757603,0.599423077,1393.564802,11.97245902,0.109508197,1.839931,0.896332145,0.452578421,39.52978056,1.839930537,4530.399138,112474.0386,10.70364592,3.893302455,1.267767437,24.41984105,23.51175347,25.71494206,1.678111098,3.449000748,6.603875815,20.69372245,17589079.44,NA,NA,NA,NA
0.148419415,0.000766571,Kauai,Lawai,3.93147508,0.607877221,1685.037767,11.4875,0.06125,2.097124,0.900340078,0.402007482,41.3944979,2.097123533,3407.644268,102574.1719,6.693313457,9.408176291,2.10173779,22.80002152,22.83940926,36.85659504,0.612597837,3.299024186,7.069188665,22.31547169,8769750.028,NA,NA,NA,NA
0.106786966,0.000547695,Kauai,Omao,4.376785554,0.600905715,1739.85343,11.38285714,0.154285714,1.181847,0.969261869,0.397090087,41.70364758,1.181847009,3406.321428,92476.41251,5.253836833,11.26945632,1.960485,20.93448711,21.98173825,40.90619848,0.762812716,3.659264293,7.522375233,24.86798385,6265743.263,NA,NA,NA,NA
0.126561402,0.000400597,Kauai,Poipu,8.192135562,0.419511569,870.6131388,7.967058824,0.44,0.48972,0.852901873,0.426588874,41.76375405,0.489720023,3220.231655,103363.9669,5.319873948,5.782668328,0.670889612,24.76020183,27.53187626,34.87710635,2.255024232,4.453022992,9.826759535,23.22927481,4584341.783,610248.8107,3,0.125,8
0.16842369,0.001101571,Kauai,Koloa,8.843338766,0.508462912,1183.554052,11.93395349,0.56,0.523727,0.913389601,0.416015089,42.23537604,0.523726984,3318.222051,96863.93731,5.015940187,8.189208651,1.094882476,22.87484253,25.24401308,37.92312034,1.763474841,4.255230575,9.072405406,24.47804263,12604435.08,NA,NA,NA,NA
0.058344052,0.00025142,Kauai,Kahili Wai,4.140512094,0.564786787,2456.586231,7.796,NA,1.478729,0.969798209,0.425093467,43.24820093,1.478728587,3329.210804,118712.5657,8.447534873,7.100751462,2.602877414,25.34183461,23.97587012,31.74844828,0.223917078,2.756287985,6.072581051,17.5115814,2875562.896,NA,NA,NA,NA
0.066506362,0.000196075,Kauai,Niumalu,4.18626345,0.455657229,1065.185833,9.07,0.32,1.640127,0.850472958,0.539648177,51.91515336,1.64012702,4233.216412,113655.206,6.057754555,1.964232484,1.392789596,25.4253329,21.95955018,26.12708249,2.571320716,4.183218875,7.698397897,27.7034488,2242693.174,NA,NA,NA,NA
0.106116622,0.000676508,Kauai,Puhi,4.657722849,0.528823339,1245.914245,8.862857143,0.32,1.129983,0.964737786,0.530432096,53.24363287,1.12998323,5928.405379,105441.2108,7.639816279,3.589776685,1.903039965,18.20262716,19.2998533,27.25409126,3.366321637,5.401142594,4.672136268,20.62270913,7737308.306,NA,NA,NA,NA
0.192331327,0.001172459,Kauai,Lihue,6.798117612,0.452835588,1009.999789,8.486808511,0.32,0.703496,0.936189243,0.538571245,54.88651285,0.703495554,6107.181395,82234.25278,6.577589992,1.773603554,0.863791065,26.12922442,23.83002297,37.48051376,0.886285579,5.860198247,7.020796525,21.52033405,13408706,489434.7709,1,0.041666667,24
0.155618526,0.00072571,Kauai,Hanamaulu,6.054527842,0.476633145,985.8078609,7.635862069,0.32,1.06409,0.914464193,0.56291589,55.25549378,1.064089933,7080.352605,93269.9112,8.352364594,4.108137828,1.927368204,15.8572022,18.91142873,31.0012453,3.150319769,6.326286179,3.402565579,16.29608821,8298053.08,293629.407,1,0.041666667,24
0.239637549,0.001925927,Kauai,Wailua Homestead,2.929053215,0.578607191,1667.999371,5.233157895,NA,2.136773,0.937797401,0.551921057,56.62954992,2.136772631,6042.290005,95139.34803,9.883098661,4.043624601,0.899926858,22.29654893,21.30023324,26.60638147,0.969859495,3.479666805,6.135839742,20.44453122,22011885.21,869626.0763,2,0.083333333,12
0.126458849,0.000727051,Kauai,Wailua House Lots,4.184490263,0.523302823,1187.556812,6.886451613,NA,1.557342,0.94146013,0.541800358,58.23477493,1.557342288,4878.923643,101028.8217,12.59405609,7.53915783,2.280108702,22.45461395,19.47895116,34.05524027,0.77008288,8.649841734,4.510700923,22.83335838,8309675.167,NA,NA,NA,NA
0.092673098,0.000372039,Kauai,Waipouli,7.666869639,0.403622684,1004.022118,7.331428571,NA,0.525523,0.924935737,0.622682991,58.50077989,0.525523093,4407.785477,95850.42202,11.65756799,6.766496537,1.90739211,23.72232807,19.67678768,32.27067934,0.618594582,7.171560193,4.209564224,23.12654802,4252027.359,NA,NA,NA,NA
0.083429818,0.000336513,Kauai,Kealia,7.427271893,0.42800073,955.9540915,7.387692308,NA,1.199373,0.907721858,0.579530812,62.1370759,1.199373357,4811.126454,94211.63307,8.242399325,2.824910273,0.241668354,13.65764453,23.66475461,25.15483816,0.926441475,8.559883752,6.91755295,21.17524684,3844976.736,NA,NA,NA,NA
0.22601273,0.002158273,Kauai,Kapaa,3.319976491,0.545285063,1447.323552,6.413023256,NA,1.909801,0.947360012,0.593085121,63.0142253,1.909801436,5153.671649,91310.34766,7.909107669,2.393568751,0.238608965,20.37486645,21.4636613,28.27237316,0.402488342,5.346894128,5.719488974,21.53128021,24661862.28,NA,NA,NA,NA
0.087240784,0.000450977,Kauai,Anahola,5.000423496,0.413193601,983.1399441,6.338823529,NA,0.859276,0.877323027,0.566525257,64.46611145,0.859276089,4833,94390,8.245286928,2.816901408,0.240384615,13.52163462,23.69128905,25.16175413,0.934579439,8.626887132,6.9522036,21.14628595,5151704.551,659654.1944,4,0.166666667,6
0.175807684,0.001092282,Kauai,Papaa,3.939506338,0.423237963,1028.812794,5.258095238,NA,1.090453,0.881563282,0.57178468,64.70226189,1.090452588,4833,94390,8.245286928,2.816901408,0.240384615,13.52163462,23.69128905,25.16175413,0.934579439,8.626887132,6.9522036,21.14628595,12474873.47,NA,NA,NA,NA
0.151040432,0.001016974,Kauai,Moloaa,5.159183269,0.5225736,1293.668434,4.092380952,NA,1.339155,0.930355597,0.641724291,68.22731676,1.339154778,4528.52701,87862.5393,11.77784955,2.395071769,2.461339938,17.23879359,21.47931947,21.39492811,0.551867389,2.954014975,5.355527509,21.19207118,11612748.91,NA,NA,NA,NA
0.252822585,0.001673792,Kauai,Kilauea,3.546862669,0.539131548,1702.964896,3.560625,NA,1.120324,0.914110254,0.643114833,68.83660131,1.120324458,4418,85493,13.06020824,2.241943017,3.2675709,18.58816276,20.67635043,20.02752925,0.412938747,0.894700619,4.775916704,21.20869172,19112081.3,NA,NA,NA,NA
0.238691416,0.001339841,Kauai,Kalihiwai,2.936101702,0.512133814,1845.495125,2.96962963,NA,2.144576,0.911417215,0.649247326,69.30499231,2.144575714,4418,85493,13.06020824,2.241943017,3.2675709,18.58816276,20.67635043,20.02752925,0.412938747,0.894700619,4.775916704,21.20869172,15298550.3,NA,NA,NA,NA
0.205490258,0.001109688,Kauai,Princeville,4.27980594,0.489326719,1915.692243,2.446222222,NA,1.726665,0.921098312,0.635389975,69.34046346,1.726665467,2972.901733,97450.73437,10.16320715,4.23537919,1.476319843,32.36881025,16.71363941,24.33012402,1.46561543,0.864131183,2.163815084,29.34734345,12669945.1,NA,NA,NA,NA
0.207824481,0.00070669,Kauai,Hanalei,2.743099338,0.535635901,2180.362037,2.475714286,NA,1.571286,0.856517366,0.698072228,71.03632779,1.57128594,2336.293222,118045.6059,11.85215598,3.132230488,1.54745603,29.7658869,24.05175377,33.14309226,1.082270752,2.02287676,2.895092822,22.0950784,8069303.964,NA,NA,NA,NA
0.103752507,0.000537415,Kauai,Lumahai,2.311175095,0.463235111,2289.425868,1.861818182,NA,3.465192,0.838477033,0.679844078,73.89280172,3.465192487,1438,132115,11.33518776,3.513513514,0.806451613,34.5766129,25.52155772,38.81278539,1.369863014,2.511415525,2.086230876,22.46175243,6136105.731,NA,NA,NA,NA
0.097718619,0.0002484,Kauai,Wainaha-Haena,3.548971021,0.26736653,2197.688108,1.633333333,NA,2.607483,0.708425785,0.697728507,74.90320118,2.607483082,1438,132115,11.33518776,3.513513514,0.806451613,34.5766129,25.52155772,38.81278539,1.369863014,2.511415525,2.086230876,22.46175243,2835953.179,NA,NA,NA,NA
0.037819036,8.10E-05,Oahu,Makua Keeau,8.464740429,0.248059672,488.0250631,NA,NA,2.499335,0.579319389,0.718346225,74.94273128,2.499334867,2430,64010,25.7307534,10.09409752,0.425758382,21.02182012,18.64125932,47.47116238,1.597160603,3.549245785,4.567901235,18.88888889,929477.1206,388138.5371,2,0.083333333,12
0.166695933,0.001110827,Oahu,Makaha,6.653921413,0.38228528,560.8312631,12.15130435,0.256521739,1.661751,0.762408314,0.675150554,75.13038943,1.66175068,2887.193855,66163.12467,26.07119644,10.58949377,0.724345248,17.57747953,22.23338027,49.74373005,1.556856432,6.446972379,6.30730858,17.74652951,12746732.66,9533764.043,9,0.375,2.666666667
0.158953979,0.001072153,Oahu,Waiane,9.543791894,0.3718327,487.2480946,12.98952381,0.197142857,1.443953,0.835011661,0.692260415,75.19367068,1.443952962,4907.926358,74148.09931,21.88141196,10.23418551,1.167894728,9.678246671,27.61012867,41.2213188,1.658643578,9.603998841,7.599362206,15.73980811,12304741.52,10702637.16,15,0.625,1.6
0.204895912,0.001433065,Oahu,Maili,9.057951458,0.355543507,465.1703339,12.53333333,0.192,1.005733,0.857419444,0.702354559,76.80449503,1.005733255,4906.524689,90520.00429,17.23016916,10.20108424,1.32782254,12.48556729,33.26087252,29.46069294,1.7644921,5.96803207,6.860984674,10.62717225,16449277.22,1881504.006,7,0.291666667,3.428571429
0.205018323,0.001513371,Oahu,Nanakuli,9.418099784,0.331485551,530.5321451,11.81870968,0.225806452,1.630287,0.819760977,0.701830121,76.9435914,1.630287379,3789.040779,102838.9468,14.01930881,9.403847833,1.315526143,8.422426923,29.54344059,22.42458444,3.079740176,3.659169737,6.645084408,13.8842515,17375189.3,10047730,7,0.291666667,3.428571429
0.114510535,0.000681965,Oahu,Honokai/Koolina,10.33366071,0.297243404,442.2355758,8.175384615,0.18,1.115355,0.874537946,0.742632323,78.11054298,1.115354761,940.4944836,106807.936,3.336525519,2.097330156,0.841327492,17.037777,18.32174264,24.44463202,0.44234897,1.66608606,11.30266879,21.21982371,7832643.921,2244672.949,5,0.208333333,4.8
0.148562817,0.001398818,Oahu,Makakilo,11.37069157,0.366601498,554.2850235,15.755,0.19,1.892149,0.929173719,0.731314537,78.61226564,1.89214924,5951.441324,118361.322,5.046816636,3.293644927,0.196733778,20.27791305,30.64097991,26.51075293,0.086747875,1.327378431,11.2843316,11.00685314,16064100.87,1093063.184,5,0.208333333,4.8
0.210737936,0.001554811,Oahu,Kapolei,8.59483851,0.338702101,425.6032742,16.02733333,0.213333333,0.493738,0.866547439,0.721532505,78.6677498,0.493737931,6842.943856,119050.4655,10.1438603,6.948737857,1.09189155,23.61473749,30.19830349,43.60589954,1.486392282,4.08835334,6.101407951,7.620214069,17859068.93,166665.7187,2,0.083333333,12
0.227797562,0.002131179,Oahu,Ewa,7.451379303,0.345793666,470.515879,14.15666667,0.091428571,0.367684,0.833864647,0.715986516,78.96292316,0.367684121,5689.271799,118500.0539,8.39082419,4.500750365,1.542008339,21.40591121,33.12959199,46.09104529,0.801752556,4.761168028,8.50520407,9.685183876,24478345.43,13768.21957,1,0.041666667,24
0.242256142,0.00230489,Oahu,Waikele,6.70981545,0.386781483,536.7483488,10.728,0.006736842,1.162758,0.854679219,0.733310465,79.30058404,1.16275819,4951.786957,123734.1656,6.445023332,2.784316971,1.772434137,23.14889542,23.89975903,32.20081612,1.808403473,4.559388385,5.26239111,14.52955512,26463422.06,2923862.851,3,0.125,8
0.294585001,0.004045724,Oahu,Mililani,4.949350404,0.503317005,997.0319871,7.637974684,NA,2.099052,0.745918902,0.736231655,80.04072003,2.099051702,2930.129851,137337.2375,3.586993545,3.068510139,0.599806486,28.94663665,25.38715753,22.7082019,1.028211937,3.025241997,5.544028879,15.09211628,46432488.73,1583113.214,4,0.166666667,6
0.229456905,0.002250327,Oahu,Wahiwa,4.874489159,0.523165023,1223.536521,5.926818182,NA,2.069475,0.681668869,0.718036099,80.43144908,2.069474887,3078.271761,93016.09594,9.501316837,5.280911606,3.330680543,16.6924314,27.05978193,47.46661435,2.201123605,7.75482725,7.676814645,17.61710107,25817671.19,795376.3067,5,0.208333333,4.8
0.353106755,0.004026522,Oahu,Pearl City/Halawa,4.894607333,0.475638239,1028.261202,6.590238095,NA,2.4409,0.644624268,0.705160848,80.95238095,2.440899776,3818.733319,130118.7974,5.869958186,3.716770789,1.216741096,26.35936647,17.9566218,23.82197445,2.482737195,7.210436077,4.065461655,24.24016469,46227829.73,72713.96359,1,0.041666667,24
0.584376269,0.006368017,Oahu,Honolulu,5.441861545,0.42542446,1234.705547,8.81976834,0.044169884,2.251538,0.731747446,0.803370629,81.06118693,2.251538159,3605.444815,110541.9324,9.055385127,6.279681816,1.799095327,25.46191298,23.81809101,49.28459526,2.810753533,6.478351742,5.900828047,19.31841305,73139861.37,106846.8102,2,0.083333333,12
0.368271724,0.003432302,Oahu,East Honolulu Diamond Head,6.72931608,0.350609289,1083.354958,9.583065693,1.032116788,1.732111,0.796541087,0.734420536,81.35867368,1.732111482,2629.008104,124509.1075,8.204484789,3.960582186,1.095898633,33.00893411,14.32585414,33.13855346,4.247920157,5.241739918,3.126760203,27.74233774,39434176.44,208354.4736,1,0.041666667,24
0.603908448,0.004169216,Oahu,East Honolulu Hawaii Kai,8.567894413,0.324833986,812.7239384,9.600240964,1.560963855,2.656613,0.778784402,0.775270307,81.68539837,2.656613297,3099.863909,160426.3337,4.35983542,4.758692482,0.388734346,37.26980581,18.91664436,15.49799377,2.118478099,2.804495963,3.800061005,27.0657209,47900122.75,1112456.353,4,0.166666667,6
0.254556678,0.001904637,Oahu,Waimanalo,4.479314581,0.364665704,1054.376011,9.0195,1.354,1.879599,0.827393132,0.774378327,81.90764572,1.879599318,4042.600056,121624.4931,9.676037663,4.755601836,1.268654548,18.86762057,24.00048377,29.78833854,1.577476428,4.549473895,5.022939857,17.75254245,21876070.11,41628.57385,1,0.041666667,24
0.320769122,0.003341784,Oahu,Kailua,5.515403404,0.366806011,1039.664173,7.37740458,0.626564885,1.736191,0.862637852,0.757501335,82.43190661,1.736190713,3491.77354,155386.7011,3.22959204,2.3504678,0.305971711,38.19116594,19.71036584,28.19088493,1.543168827,2.373757381,4.083152394,20.96706248,38370779.19,319723.9207,1,0.041666667,24
0.310038669,0.002485965,Oahu,Kaneohe,4.350317119,0.378338566,1502.112278,4.698333333,NA,1.995875,0.821168545,0.723191807,82.49926836,1.995875333,3517.156057,135627.8951,6.705216721,3.660464262,0.657931411,29.22688052,19.55551532,22.65462846,1.951209576,3.535467052,5.948039323,23.97712439,28539503.51,42181.37155,1,0.041666667,24
0.211551687,0.001740194,Oahu,Kahaluu,2.517044517,0.355136235,1823.333924,3.358309859,NA,2.953959,0.848321518,0.709753533,82.53943785,2.953959089,4606.783161,132574.9712,5.414921503,3.798634295,0.216647362,29.88620107,26.93298865,26.72600561,0.914743756,3.095232891,8.853299635,21.79856822,19972844.84,NA,NA,NA,NA
0.153572604,0.000689372,Oahu,Waiahole/Waikane,2.339806551,0.330515043,1693.766822,3.142222222,NA,2.496943,0.886055606,0.721062459,82.85201794,2.49694266,4910,125769,4.151253596,3.708729082,0.428790199,26.5237366,28.16584967,33.05084746,0.918079096,4.802259887,8.716904277,23.2790224,7909884.193,NA,NA,NA,NA
0.10177252,0.000384501,Oahu,Kaaawa,4.994038255,0.089668113,1347.724658,3.181333333,NA,3.330788,0.755698021,0.765516566,83.06094871,3.3307884,1479.438745,111519.4355,12.24319982,2.363246042,1.100541096,35.64818942,25.1094511,28.97754058,0.004643314,3.24532452,5.148100441,14.61313519,4410049.612,NA,NA,NA,NA
0.022589916,2.44E-05,Oahu,Kahana,2.332039234,0.275887942,1840.72699,3.24,NA,0.740238,0.918403026,0.692465076,83.35941167,0.74023807,1462,111447,12.28433402,2.35640648,1.103955842,35.69457222,25.09391435,28.95683453,NA,3.237410072,5.12995896,14.56908345,280209.6218,1413101.524,1,0.041666667,24
0.138879599,0.000638053,Oahu,Punaluu,3.409217011,0.206494313,1563.123872,3.378333333,NA,2.004013,0.854202488,0.797760617,84.00887448,2.004013092,1139.928792,93908.99095,11.0542738,3.135842866,0.885097771,22.18538305,23.21375212,48.30162321,3.296364739,3.560664466,5.384529241,19.08694423,7316406.917,NA,NA,NA,NA
0.081987097,0.000357568,Oahu,Hauula,3.009213672,0.313887946,1614.33698,3.648571429,NA,3.105501,0.742355603,0.72932263,84.14477899,3.105500762,4022.771989,115541.5916,9.201659027,4.340317228,3.135224591,23.34344871,28.25988893,51.15581163,2.590731027,4.42353945,5.208197642,11.94274166,4099368.766,NA,NA,NA,NA
0.167581969,0.000725432,Oahu,Laie,6.91931516,0.410981991,1167.038039,4.301428571,NA,1.344134,0.808397404,0.708849874,84.42089437,1.344133702,6605.511617,112350.629,10.35883535,7.456102048,0.455644209,24.62118727,27.07278753,54.34154366,0.012946326,3.028848224,7.68514893,7.350039804,8314701.471,NA,NA,NA,NA
0.097232356,0.000524279,Oahu,Kahuku,7.28988197,0.465346282,910.3272757,4.911578947,NA,1.249014,0.739853378,0.797999482,84.94340208,1.249013558,2811.882725,73626.12725,10.85731611,11.35464577,1.131386382,24.32386609,36.0794287,37.55439937,0.253124058,7.604730411,12.14157127,11.855244,6008003.49,NA,NA,NA,NA
0.056656145,0.0002333,Oahu,Kahuku/Marconi,7.969914047,0.391521927,791.7347571,5.2,NA,0.203031,0.778471763,0.761664688,84.96804668,0.203031337,2796,73464,10.85940309,11.37096774,1.134215501,24.3226213,36.11713666,37.4841169,0.254129606,7.623888183,12.1602289,11.87410587,2673062.163,NA,NA,NA,NA
0.122515225,0.000378675,Oahu,Kawela,7.944202075,0.351953291,856.2034158,3.88,NA,0.803432,0.761354839,0.765179017,85.16515356,0.803432001,2796.000646,73474.13869,10.86010422,11.36976372,1.134102516,24.32137001,36.11359419,37.48100305,0.256126816,7.622624557,12.15792817,11.87839873,4338857.957,1144835.343,1,0.041666667,24
0.108590943,0.000477705,Oahu,Sunset Beach,3.773436242,0.356059509,1064.766663,2.07,NA,2.352535,0.483080241,0.748766047,85.18846649,2.352534937,2797.998484,104820.2128,13.02778791,7.647269289,0.784783912,20.45272655,25.16124399,27.8538403,6.430957744,3.715835985,5.044711717,25.15075733,5474419.077,NA,NA,NA,NA
0.125844769,0.000823521,Oahu,Pupukea,2.220886521,0.556013237,1249.391061,3.847777778,NA,2.74018,0.509393528,0.781435632,85.38275835,2.740180194,2600.965156,97254.74329,13.30124487,6.396242031,0.703667402,21.41901117,19.2464505,53.81225906,1.692558185,1.094472011,7.079947659,22.25581947,9439185.104,NA,NA,NA,NA
0.156315145,0.000609518,Oahu,Waimea,4.065243615,0.42715767,898.4164941,3.850434783,NA,1.398634,0.677805355,0.735630873,85.58996827,1.398634252,4344.080883,83860.26059,8.385899106,8.378242377,0.550105229,18.66061527,35.57788831,83.5034028,0.467555323,1.577999216,14.03548835,9.585695796,6987542.199,694170.7901,2,0.083333333,12
0.167597307,0.000876875,Oahu,Haleiwa,4.870936179,0.45286566,704.2571315,6.431351351,NA,0.957567,0.786138825,0.701961178,85.88548602,0.957566815,3819.571433,86939.60885,8.200204247,5.909296601,1.141548131,18.27473024,27.1661528,64.02754938,0.563452573,3.302691616,10.52420759,15.03697461,10055357.58,775381.9651,4,0.166666667,6
0.060427624,0.000133415,Oahu,Haleiwa North,7.230187646,0.492444903,783.8100913,7.766666667,NA,1.77937,0.886585173,0.777078905,86.10997963,1.779370147,3358.88215,83864.85875,10.06165811,6.054369764,0.439152254,22.25648829,26.85008094,69.18847399,0.493026922,4.274691914,9.996514613,13.24597115,1530239.903,1599563.995,2,0.083333333,12
0.18650884,0.00102192,Oahu,Waialua,5.332471627,0.406970167,704.1747862,8.367619048,NA,0.760013,0.793754033,0.76383745,86.23557821,0.760013277,2144.092492,85346.29885,12.17783964,3.233534747,1.045554597,26.11666336,14.09560161,44.49449049,0.377680043,7.945306747,3.179533282,20.53212772,11719236.44,141522.0993,1,0.041666667,24
0.070942107,0.000214143,Oahu,Mokuleia,6.410001141,0.32664022,660.304784,9.725,NA,0.450045,0.838346418,0.769014788,86.44196655,0.450044906,1772,84464,12.86681716,2.41343127,0.278551532,27.8551532,12.66427718,46.43765903,0.508905852,8.269720102,3.55530474,19.41309255,2455649.082,NA,NA,NA,NA
0.06660094,0.000344842,Oahu,Kunia Camp,7.057804578,0.454054038,793.0441668,9.704,NA,1.200118,0.904684571,0.779046265,86.69369701,1.200118173,8506.625259,132125.8379,4.65895131,2.253437426,0.024835075,25.6622135,33.43791473,38.54071891,0.563299002,1.363508448,7.479732337,7.762247148,3957529.789,NA,NA,NA,NA
0.077800775,0.000404067,Oahu,Kunia Loa/Farmlands,5.672692276,0.45118724,779.3175565,10.7325,NA,1.734196,0.888424713,0.70942809,86.87758785,1.73419585,10419,121087,5.63898847,2.328209765,0.03455425,25.4837595,38.36978131,47.18411552,0.072202166,0.794223827,10.03935119,4.875707841,4638197.354,NA,NA,NA,NA
0.086730991,0.000453637,Kauai,Kokee,1.431074263,0.572421149,1430.284755,2.649411765,NA,2.877815,0.277360738,0.74379838,87.09925869,2.877814762,5293.277499,83761.27602,11.60095345,3.816587484,0.989567531,13.18180208,22.88176607,45.79701609,1.929548631,6.896907768,3.633854049,20.32895755,5182429.569,NA,NA,NA,NA
0.107836352,0.000574423,Molokai,Kepuhi/Kaluakoi,13.71655879,0.391341894,416.2165505,24.5408,6.1728,1.076492,NA,0.783407447,87.21888381,1.076492379,2924,54907,17.84975879,9.323583181,0.574412533,16.50130548,28.69445401,28.9010989,3.296703297,19.23076923,7.489740082,21.85362517,6604485.499,NA,NA,NA,NA
0.087648296,0.000282926,Molokai,Kaluakoi,11.69495477,0.303226131,353.8284912,28.48333333,7.546666667,0.805398,NA,0.769221156,87.4561889,0.805397899,2924,54907,17.84975879,9.323583181,0.574412533,16.50130548,28.69445401,28.9010989,3.296703297,19.23076923,7.489740082,21.85362517,3253391.176,NA,NA,NA,NA
0.066315792,0.000340318,Molokai,MaunaLoa,13.64777333,0.410590823,604.8908516,31.088,8.586666667,0.659595,NA,0.782625444,87.52574287,0.659594769,2924,54907,17.84975879,9.323583181,0.574412533,16.50130548,28.69445401,28.9010989,3.296703297,19.23076923,7.489740082,21.85362517,3914107.251,797773.0967,1,0.041666667,24
0.244453251,0.002374269,Molokai,Hoolehua,12.97584569,0.513800651,598.5496987,32.12367347,5.226938776,0.967474,NA,0.874346106,87.72406301,0.967474319,2924,54907,17.84975879,9.323583181,0.574412533,16.50130548,28.69445401,28.9010989,3.296703297,19.23076923,7.489740082,21.85362517,27300945.94,1215535.195,1,0.041666667,24
0.086742186,0.000471356,Molokai,Naiwa,2.626310558,0.632954499,849.7298604,26.926,2.864,2.715644,NA,0.784809801,87.87878788,2.715644471,3264.036085,58250.8397,17.99955895,9.346560692,0.586943588,16.33626992,28.65067948,30.41562935,2.893299043,19.11465051,6.753576939,21.72345331,5420214.446,NA,NA,NA,NA
0.096799247,0.000473695,Molokai,Kalamaula,6.353596662,0.318113041,336.5435949,18.10105263,2.886315789,0.660801,NA,0.816834472,88.11362911,0.660801002,5168,76974,18.83833495,9.475218659,0.657108722,15.41218638,28.40557276,38.89593909,0.634517766,18.46446701,2.631578947,20.99458204,5449149.655,2548954.897,2,0.083333333,12
0.152768687,0.000816018,Molokai,Kaunakakai,7.769686096,0.289824698,316.3588033,20.44969697,3.012121212,1.071565,NA,0.834794666,88.17204301,1.071565121,5168,76974,18.83833495,9.475218659,0.657108722,15.41218638,28.40557276,38.89593909,0.634517766,18.46446701,2.631578947,20.99458204,9387930.033,5167798.031,2,0.083333333,12
0.132101382,0.000740555,Molokai,Kawela,10.60730945,0.32191515,306.984399,16.37733333,2.114666667,1.729372,NA,0.765825164,88.46835443,1.729372032,5168,76974,18.83833495,9.475218659,0.657108722,15.41218638,28.40557276,38.89593909,0.634517766,18.46446701,2.631578947,20.99458204,8520614.963,1144835.343,1,0.041666667,24
0.059118151,0.000188415,Molokai,South Kamalo,4.597129086,0.480888839,526.4934604,11.49,1.68,0.844474,NA,0.81931746,88.67288341,0.844473755,5168,76974,18.83833495,9.475218659,0.657108722,15.41218638,28.40557276,38.89593909,0.634517766,18.46446701,2.631578947,20.99458204,2168138.447,NA,NA,NA,NA
0.200095443,0.000684058,Molokai,South Kamalo/Ulapue,4.818598835,0.327351919,1189.511175,7.467586207,0.691034483,1.891318,NA,0.739371958,88.75968992,1.891317629,5168,76974,18.83833495,9.475218659,0.657108722,15.41218638,28.40557276,38.89593909,0.634517766,18.46446701,2.631578947,20.99458204,7870860.993,NA,NA,NA,NA
0.127495487,0.000388692,Molokai,South Kamalo/Pauwalu,6.19398152,0.227303874,2092.100177,6.328,0.6,2.610641,NA,0.792891991,88.85328673,2.610641146,5168,76974,18.83833495,9.475218659,0.657108722,15.41218638,28.40557276,38.89593909,0.634517766,18.46446701,2.631578947,20.99458204,4471487.906,NA,NA,NA,NA
0.106859009,0.000781798,Lanai,Lanai City,5.775884243,0.460339299,638.2601862,20.96125,0.8,1.000933,NA,0.785266356,89.07135591,1.000933376,3333,79808,7.451923077,2.270011947,1.945854484,22.12351946,24.88687783,50.48859935,3.990228013,20.19543974,6.660666067,21.39213921,9009805.007,NA,NA,NA,NA
0.06272116,0.000179306,Lanai,Manele,5.191233677,0.33627496,331.8743062,22.08,2.417777778,1.033822,NA,0.805860804,89.11429089,1.033822119,3333,79808,7.451923077,2.270011947,1.945854484,22.12351946,24.88687783,50.48859935,3.990228013,20.19543974,6.660666067,21.39213921,2067485.433,NA,NA,NA,NA
0.184954767,0.000900646,Maui,Honokohua,4.713371699,0.543615437,1161.246263,15.3372973,0.035675676,2.908414,0.688527071,0.821836312,89.19955587,2.908414074,1945.621501,150603.0143,1.245153427,4.702683818,0.268520478,20.11619827,24.22536518,28.28313749,0.932478824,6.364925489,7.543317297,19.92561411,10367724.95,NA,NA,NA,NA
0.071200297,0.000218285,Maui,Napili,6.650248435,0.460046489,894.3709223,11.94,0.032,1.550666,0.70221266,0.76975266,89.4012839,1.550665952,1953.750036,150460.2947,1.257947865,4.718027946,0.275306958,20.05849533,24.20656838,28.20532335,0.924340686,6.349146626,7.512975701,19.87517891,2513002.9,NA,NA,NA,NA
0.07284765,0.000286907,Maui,Kahana,9.397924787,0.443535168,750.3798068,19.38545455,0.327272727,1.179678,0.827324649,0.827956297,89.51957881,1.179678431,2212.694838,113157.8857,3.981424173,5.123919019,0.478045088,25.48540667,17.08826518,30.27760463,0.163629373,6.608792904,6.884698146,20.88547507,3303320.449,1413101.524,1,0.041666667,24
0.106589219,0.00039627,Maui,Honokawai,9.384487565,0.384494823,540.0968957,17.50117647,1.522352941,0.917946,0.828595128,0.803304201,89.63567257,0.917946166,2720.933632,85039.33856,11.91077571,11.09439778,0.359588572,20.63000025,15.02304227,50.63738711,0.565867262,4.172398645,7.769623296,22.08049945,4563146.457,192217.1446,1,0.041666667,24
0.099831094,0.00053586,Maui,Kaanapali,7.56581696,0.410470651,401.0385905,17.86909091,1.545454545,0.885047,0.882625498,0.834873685,89.67445524,0.885046743,2834.781501,83355.79221,12.93353676,11.38335627,0.315150274,19.36621253,15.89546473,52.47413172,0.654231547,4.335803379,8.289420047,21.71330063,6171559.137,1154576.343,1,0.041666667,24
0.103824427,0.000431279,Maui,Wahikuli,6.568867663,0.305137204,256.6684067,18.635,1.625,1.052542,0.886937911,0.828725408,89.93751494,1.052542069,3133.41005,105754.7488,9.319010501,3.764373029,0.24602613,17.18831752,25.32944667,33.41866581,0.482257603,9.963238698,10.87956196,16.06910361,4967953.501,1596526.134,3,0.125,8
0.184077763,0.001020941,Maui,Lahaina,5.858905769,0.322104283,233.2397836,23.29658537,1.96097561,1.019064,0.872603161,0.77660346,90.12102449,1.019064173,3332.244436,102195.3838,11.19257723,8.040943215,1.323637658,23.51073001,17.86195636,36.06819072,3.854137517,8.076346392,4.146662252,22.53712243,11762286.25,6082039.616,5,0.208333333,4.8
0.102592728,0.000673953,Maui,Launiupoko,6.146892882,0.323689933,308.4877106,21.99230769,1.832307692,1.763566,0.849154109,0.844258046,90.21541262,1.763565507,981,117917,8.299180328,10.53811659,0.362756953,32.16444982,13.01229508,22.77904328,3.872437358,0.455580866,0.713557594,30.78491335,7765841.064,4877152.153,4,0.166666667,6
0.056398961,0.000188461,Maui,Olowalu,6.387113806,0.310381636,258.6874122,25.61333333,2.96,1.246323,0.876832122,0.84417544,90.26938088,1.246323353,981,117917,8.299180328,10.53811659,0.362756953,32.16444982,13.01229508,22.77904328,3.872437358,0.455580866,0.713557594,30.78491335,2172050.287,1846882.971,5,0.208333333,4.8
0.051021405,9.32E-05,Maui,Maalaea,14.49029698,0.317675622,321.9257347,30.57,6.27,0.71866,0.873099539,0.839229626,90.40163376,0.718659931,981,117917,8.299180328,10.53811659,0.362756953,32.16444982,13.01229508,22.77904328,3.872437358,0.455580866,0.713557594,30.78491335,1074358.079,312924.6464,4,0.166666667,6
0.327918857,0.002807569,Maui,Kihei,4.974913354,0.369758327,268.0850297,27.68792793,8.873873874,0.822886,0.861350826,0.873836071,90.88156723,0.822886363,3180.148136,110038.4311,9.973702552,8.398733575,0.932491365,25.03972252,16.27275523,36.45886746,0.625078752,2.430521631,3.687093023,26.063272,32375249.3,4489376.185,5,0.208333333,4.8
0.164380746,0.000525616,Maui,Makena,2.635195139,0.39804801,327.6577502,24.17043478,7.711304348,0.733799,0.730038822,0.862506959,90.8912656,0.733799411,1981,195556,5.350832913,19.17241379,1.431127013,33.51222421,9.187279152,5.044843049,0.67264574,2.802690583,0.757193337,48.40989399,6064267.594,NA,NA,NA,NA
0.039455647,9.74E-05,Maui,Ulupalakua,4.161374558,0.462353883,599.6706511,32.05,8.81,1.283504,0.829712044,0.841553431,90.94323089,1.283504367,5849,90319,14.3853531,4.424446944,0.301204819,24.81464319,23.23058378,31.84357542,0.372439479,6.890130354,4.37681655,26.39767482,1124044.792,NA,NA,NA,NA
0.052688901,0.000172198,Maui,Kanaio,5.84387691,0.484005411,622.125195,29.745,5.55,2.001919,0.884995887,0.79106265,91.07715037,2.001918673,5849,90319,14.3853531,4.424446944,0.301204819,24.81464319,23.23058378,31.84357542,0.372439479,6.890130354,4.37681655,26.39767482,1987026.235,NA,NA,NA,NA
0.091502014,0.000391505,Maui,Kipahulu,2.639113499,0.41929949,1842.698294,6.3575,0.21,1.959224,0.932711669,0.847373385,91.24859658,1.959223508,1307,60707,16.67941852,11.38686131,NA,12.76595745,11.24713083,43.22469983,NA,15.09433962,5.049732211,26.47283856,4516790.324,NA,NA,NA,NA
0.08774033,0.000297743,Maui,Koali,1.654930633,0.275655993,1675.365212,4.6,0.216,2.068966,0.964408094,0.82781983,91.26775381,2.068965655,1307,60707,16.67941852,11.38686131,NA,12.76595745,11.24713083,43.22469983,NA,15.09433962,5.049732211,26.47283856,3434305.634,NA,NA,NA,NA
0.097020301,0.000408966,Maui,Makaalae,2.371788489,0.279946914,1584.242673,4.197647059,0.098823529,1.634399,0.938824752,0.797199955,91.59956836,1.634398922,1307,60707,16.67941852,11.38686131,NA,12.76595745,11.24713083,43.22469983,NA,15.09433962,5.049732211,26.47283856,4716613.692,NA,NA,NA,NA
0.061451117,0.00012828,Maui,Hamoa,2.836554711,0.218212554,1424.525499,3.128,NA,0.996864,0.94802797,0.850548818,91.73913043,0.996864203,1307,60707,16.67941852,11.38686131,NA,12.76595745,11.24713083,43.22469983,NA,15.09433962,5.049732211,26.47283856,1479333.017,NA,NA,NA,NA
0.158251688,0.00078865,Maui,Hana,1.349223461,0.315729242,1556.020419,3.012,NA,0.786776,0.909140825,0.841294396,91.77522107,0.786776144,1307,60707,16.67941852,11.38686131,NA,12.76595745,11.24713083,43.22469983,NA,15.09433962,5.049732211,26.47283856,9092074.291,NA,NA,NA,NA
0.118281782,0.000687199,Maui,Kaeleku,1.058516902,0.412737737,2371.01759,2.96,NA,1.219356,0.971593814,0.854955902,92.00574033,1.219355992,1307,60707,16.67941852,11.38686131,NA,12.76595745,11.24713083,43.22469983,NA,15.09433962,5.049732211,26.47283856,7921586.443,NA,NA,NA,NA
0.13716004,0.000390394,Maui,Upper Nahiku,0.984516829,0.447791618,3580.921891,3.125,0.165,1.440152,0.916298285,0.852254931,92.01662758,1.440152089,1307,60707,16.67941852,11.38686131,NA,12.76595745,11.24713083,43.22469983,NA,15.09433962,5.049732211,26.47283856,4499841.156,NA,NA,NA,NA
0.064427907,0.000260433,Maui,Nahiku,0.618817981,0.472372372,3171.584004,3.48,0.24,1.057042,0.906238845,0.859104684,92.05223881,1.057042354,1307,60707,16.67941852,11.38686131,NA,12.76595745,11.24713083,43.22469983,NA,15.09433962,5.049732211,26.47283856,3001490.252,NA,NA,NA,NA
0.059904264,0.000210171,Maui,Wailua,1.567316289,0.573360349,3402.016971,3.628571429,0.24,1.863738,0.894262128,0.841559126,92.12363369,1.863738264,1307,60707,16.67941852,11.38686131,NA,12.76595745,11.24713083,43.22469983,NA,15.09433962,5.049732211,26.47283856,2421813.968,NA,NA,NA,NA
0.038547398,8.75E-05,Hawaii,Puu Waawaa,2.424988803,0.401509842,566.5647753,24.26,2.68,0.643959,0.839413012,0.84672563,92.13395639,0.643958985,5104,86222,11.0802775,5.196850394,1.567481403,21.75876727,22.71658173,40.03456221,NA,4.262672811,5.035266458,22.15909091,1015155.737,NA,NA,NA,NA
0.143359775,0.001176751,Hawaii,Kohala Estates/Kohala by the sea,4.558665738,0.296152379,208.2607748,24.94938776,4.071020408,1.200943,0.822353499,0.760864206,92.14552239,1.200943189,6532,98634,8.352525718,4.954531201,0.314597315,18.47734899,20.8966682,15.27599487,0.085579803,12.02396234,2.755664421,30.77158604,13626127.88,1128533.735,4,0.166666667,6
0.081160168,0.000409688,Hawaii,Kohala Ranch,8.067877713,0.360269439,409.0711395,28.328,3.704,1.650076,0.951978415,0.837936375,92.26282381,1.650076055,6532,98634,8.352525718,4.954531201,0.314597315,18.47734899,20.8966682,15.27599487,0.085579803,12.02396234,2.755664421,30.77158604,4743134.663,NA,NA,NA,NA
0.062282479,0.000220281,Hawaii,Kawaihae Makai,5.214677612,0.239694322,271.3691715,32.64888889,8.964444444,1.007768,0.754801349,0.739334735,92.34217408,1.007768417,4092.721576,109563.8714,6.567158551,4.352430226,NA,26.98384483,17.28826734,18.90748011,0.159927506,1.908224046,4.314178145,28.20011252,2551546.941,2743256.959,4,0.166666667,6
0.125454903,0.000706223,Hawaii,Hapuna/Mauna Kea,5.343066986,0.320836814,243.5068655,31.39448276,8.726896552,0.750393,0.745172372,0.832510838,92.42835596,0.750392585,4282.46959,99227.99751,8.367564994,8.951131854,NA,25.4550889,20.14293706,21.24828481,0.086853816,3.127744798,5.495158563,24.99458357,8181300.057,3393504.819,7,0.291666667,3.428571429
0.210652747,0.001579413,Hawaii,Kawaihae Road Subdivisions,12.34436646,0.365028477,692.0642304,28.56125,5.983125,0.985343,0.895364734,0.803100739,92.43643615,0.98534344,5061.305008,95214.10495,10.573704,8.146439852,0.400723754,25.0098763,21.692357,23.74765877,0.292973686,5.483541706,6.305704399,23.35749164,18294530.1,3389555.492,5,0.208333333,4.8
0.308023344,0.003802163,Hawaii,Waimea,10.47656565,0.513615482,1033.926412,22.14198675,1.199470199,0.604082,0.908845859,0.670013453,92.4773022,0.604081654,5321.820594,92588.68243,10.4789053,4.263737877,1.69536156,23.86247979,23.40954448,24.4878211,1.232872174,10.05185828,6.475047572,23.13364003,44039955.9,694170.7901,2,0.083333333,12
0.058268094,0.000188513,Hawaii,Waikokoe Road homes,6.969340646,0.57669495,1887.966691,13.74222222,0.8,0.780534,0.931017072,0.842037908,92.66121708,0.780533718,3789,82896,5.666933975,9.178228388,0.837654567,15.63621859,23.37697034,14.74304971,4.970513901,13.14237574,4.460279757,20.77065189,2182978.637,NA,NA,NA,NA
0.052579272,0.000112614,Hawaii,Wailea Bay,6.552582175,0.256347236,211.1601347,32.22,8.98,0.562737,0.664378471,0.86238995,92.7861735,0.562737087,4033,112817,6.000495909,2.905027933,NA,27.46500778,16.38978428,18.17073171,0.182926829,1.524390244,3.942474585,29.20902554,1304779.16,84911.45146,1,0.041666667,24
0.116830825,0.000390076,Hawaii,Puako,3.826317449,0.39515135,193.4830219,29.17066667,8.237333333,0.25924,0.521302784,0.837547786,92.80010827,0.259240199,4033,112817,6.000495909,2.905027933,NA,27.46500778,16.38978428,18.17073171,0.182926829,1.524390244,3.942474585,29.20902554,4520021.094,1404026.263,1,0.041666667,24
0.131685904,0.000674688,Hawaii,Mauna Lani,5.458308602,0.333230119,196.7978467,28.59310345,7.412413793,0.374103,0.316530713,0.860396803,92.83599089,0.374103141,4033,112817,6.000495909,2.905027933,NA,27.46500778,16.38978428,18.17073171,0.182926829,1.524390244,3.942474585,29.20902554,7819146.993,337157.5535,1,0.041666667,24
0.099126641,0.000421128,Hawaii,Waikoloa,5.650897273,0.316098378,209.0227352,25.135,5.9825,0.439429,0.339029475,0.847698252,92.899729,0.439429167,4033,112817,6.000495909,2.905027933,NA,27.46500778,16.38978428,18.17073171,0.182926829,1.524390244,3.942474585,29.20902554,4881166.671,NA,NA,NA,NA
0.138176023,0.001345182,Hawaii,Waikoloa Village,9.373898238,0.296721034,271.0178112,30.77259259,8.84962963,0.983248,0.850538703,0.842084545,92.90991663,0.983247586,4303.293466,98093.68814,8.565150405,9.455815868,NA,25.28731575,20.45622248,21.50517617,0.078834352,3.261580971,5.624765132,24.64279314,15589555.68,2921658.488,2,0.083333333,12
0.11003561,0.000603352,Hawaii,Waikii,4.703232501,0.490644757,534.8272653,28.21076923,6.42,0.804028,0.953453596,0.860113226,92.99219071,0.804028235,3897,97527,6.030279702,3.082747431,2.176165803,24.21416235,22.32211662,20.95940959,1.254612546,9.077490775,5.260456762,26.19964075,6995627.336,98100.6604,2,0.083333333,12
0.085688206,0.00055181,Hawaii,Puu Anahulu,3.451354869,0.425831619,494.8557607,24.80173913,2.763478261,0.788937,0.821623419,0.912634768,93.20754717,0.788937025,5227.290461,98963.88839,9.520243935,4.192484684,0.937984646,23.06043853,20.24980672,29.91583121,NA,4.189533186,5.306474581,21.87684886,6399946.062,570037.3013,2,0.083333333,12
0.155729077,0.00095147,Hawaii,Hualalai/Kukio,4.120379897,0.230366891,248.7116122,17.22564103,2.157948718,0.414559,0.316269737,0.842660961,93.2779565,0.414559192,5411,117950,7.195708472,2.695924765,NA,25,16.57417684,14.83836778,NA,4.080551139,5.71058954,21.45629274,11034985.83,NA,NA,NA,NA
0.244304381,0.002145151,Hawaii,Kalaoa,1.879361469,0.324298347,677.2660472,16.37176471,0.694588235,0.631239,0.536509665,0.826642175,93.33333333,0.631239394,5071.992384,105874.9668,8.277166038,3.17024326,0.683791474,23.21398051,17.30027516,24.94942377,0.258190853,4.421597541,4.988532234,21.67106116,24893774.64,2597878.738,4,0.166666667,6
0.239271778,0.001542965,Hawaii,Kaloko,0.515522039,0.415021391,965.108389,17.15677419,0.932903226,0.848789,0.394708341,0.860347376,93.41534691,0.848788812,5209.3633,87057.24121,12.12511639,5.198131174,1.349065426,20.88825356,22.26566953,39.88655571,0.358098977,4.8278276,5.109819673,21.32503071,17907660.21,NA,NA,NA,NA
0.240061312,0.002082953,Hawaii,Holualoa,0.549623173,0.466036227,1249.855189,15.85445783,0.386506024,0.931884,0.708544422,0.883145864,93.43868676,0.931883962,4900.889554,87040.33028,11.59093028,4.51132155,1.552536122,22.10735329,22.59421353,38.90061102,0.363218284,3.602263763,5.545170525,21.74395111,24183104.79,NA,NA,NA,NA
0.427144126,0.003978015,Hawaii,Kailua-Kona,0.793009674,0.407560502,907.4004106,13.6435,0.1895,0.600971,0.706364148,0.856239566,93.51265823,0.600970897,4798.377473,89589.9254,14.32137568,4.008214379,1.827058988,22.43094081,21.76503994,35.97138723,1.350459411,3.625913013,5.853334555,22.60045448,46191385.29,247063.3049,2,0.083333333,12
0.188793189,0.001414499,Hawaii,Keauhou,0.554029519,0.532157429,1197.706561,14.13824561,0.167719298,0.871824,0.702542565,0.848883684,93.58496953,0.871824188,4626.292115,94920.28347,11.81418386,4.071661305,3.120381063,26.43568532,20.73928209,31.41859476,1.300759518,4.877748256,5.478902064,28.20554927,16431908.69,NA,NA,NA,NA
0.117310592,0.000500165,Hawaii,Kainaliu,0.680206297,0.531046543,1139.185737,13.67238095,0.165714286,0.72442,0.786259957,0.873433554,93.60403397,0.724420051,3853.423589,91031.40085,8.030181304,5.465103481,1.638228804,22.91940845,20.78517805,32.30428128,3.709169515,12.45364732,6.633335181,28.36537386,5811349.173,2291.52131,1,0.041666667,24
0.15657078,0.000901182,Hawaii,Kealakekua,0.954424579,0.485382396,1131.107706,13.44432432,0.179459459,0.609241,0.737407673,0.854381371,93.81549917,0.609241352,3956.318578,86742.87554,6.947978312,6.309238595,0.421310567,19.80593507,20.81348083,34.49628586,3.804006384,14.54956356,6.646505889,26.44372767,10471511.43,NA,NA,NA,NA
0.235113193,0.002404623,Hawaii,Captain Cook,0.464197344,0.50497006,1088.438227,13.12860215,0.193548387,0.784044,0.724907605,0.77124467,93.98976982,0.784044263,6427.000125,91199.99133,14.24858167,5.349236777,0.365321213,20.46308085,15.46866405,26.23231872,0.474375096,8.662859079,3.579075487,27.10713589,27947232.73,NA,NA,NA,NA
0.122345073,0.000927651,Hawaii,Honaunau,0.317027607,0.536667861,1079.848071,13.72923077,0.251282051,0.855215,0.686677358,0.753501731,94.07368967,0.855214855,6779,91835,15.28870417,5.212464589,0.357344367,20.55670491,14.70718395,25.05494505,NA,7.824175824,3.14205635,27.20165216,10784265.72,NA,NA,NA,NA
0.128711905,0.000754496,Hawaii,Honaunau/Papa,0.414162586,0.535006365,935.9164722,14.08689655,0.24,0.804456,0.743172324,0.910016062,94.13316511,0.80445555,6779,91835,15.28870417,5.212464589,0.357344367,20.55670491,14.70718395,25.05494505,NA,7.824175824,3.14205635,27.20165216,8773225.164,NA,NA,NA,NA
0.243780439,0.001795527,Hawaii,Honaunau/Papa South,0.797141523,0.402557919,852.9603714,16.5571831,0.727323944,1.015846,0.41644866,0.887312502,94.16861046,1.015846392,6779,91835,15.28870417,5.212464589,0.357344367,20.55670491,14.70718395,25.05494505,NA,7.824175824,3.14205635,27.20165216,20889047.91,NA,NA,NA,NA
0.138860647,0.000835345,Hawaii,Milolii,1.310066165,0.313420737,760.3906375,20.58971429,1.515428571,1.060489,0.363490885,0.841583761,94.34299943,1.060488889,6779,91835,15.28870417,5.212464589,0.357344367,20.55670491,14.70718395,25.05494505,NA,7.824175824,3.14205635,27.20165216,9723813.092,NA,NA,NA,NA
0.201624335,0.001073077,Hawaii,Honomalino,1.439019981,0.342757074,741.4197811,18.27162791,1.344186047,0.843221,0.39385862,0.880225589,94.4528725,0.843220505,6779,91835,15.28870417,5.212464589,0.357344367,20.55670491,14.70718395,25.05494505,NA,7.824175824,3.14205635,27.20165216,12492502.1,NA,NA,NA,NA
0.32768339,0.004142745,Hawaii,Hawaiian Ocean View Estates,3.557500322,0.276960286,638.6848468,22.7939759,1.87253012,0.747811,0.204512743,0.86006784,94.46871191,0.747811381,5533.902431,47925.20275,13.18896309,14.25945651,0.097438847,8.331609355,20.91496342,20.95816615,4.744220467,7.46224086,7.300258291,27.34024482,48251239.01,174920.4606,1,0.041666667,24
0.257022855,0.002080427,Hawaii,Rancho Estates,5.261371065,0.18074478,522.387163,22.61,2.156190476,0.582561,0.171906864,0.887387895,94.50653733,0.582560751,2652.684817,53912.42091,15.0059057,10.08704808,9.07E-05,17.36977983,18.86983025,23.38903918,0.699421256,14.60204254,5.322597569,32.22186623,24237746,NA,NA,NA,NA
0.163809062,0.000774738,Hawaii,Kiolakaa,2.668407186,0.588684024,1198.109421,22.832,2.008,0.458768,0.548641706,0.857225086,94.53641687,0.458767523,5074.59308,48879.65523,13.47861102,13.59431196,0.081920093,9.772429443,20.58893849,21.34568381,4.099418737,8.600432456,6.984989476,28.11844857,9026025.202,NA,NA,NA,NA
0.090753757,0.000394671,Hawaii,South Point Mauka,5.376601434,0.594682586,979.6039652,23.54133333,2.269333333,0.342665,0.769444361,0.72047854,94.62682173,0.342665163,2650,53918,15.00759878,10.08316008,NA,17.37820191,18.86792453,23.39130435,0.695652174,14.60869565,5.320754717,32.22641509,4598727.866,32089.86842,1,0.041666667,24
0.062894353,0.000133594,Hawaii,South Point Makai,10.52869991,0.567156022,806.6019287,25.6,3.536,0.451971,0.872795211,0.875933928,94.67452874,0.451971097,2650,53918,15.00759878,10.08316008,NA,17.37820191,18.86792453,23.39130435,0.695652174,14.60869565,5.320754717,32.22641509,1556913.113,NA,NA,NA,NA
0.153260163,0.001166514,Hawaii,Discovery Harbor,4.131484554,0.630534969,944.7461698,25.15304348,3.197391304,0.659003,0.727474433,0.903995322,94.78239519,0.659003398,2650,53918,15.00759878,10.08316008,NA,17.37820191,18.86792453,23.39130435,0.695652174,14.60869565,5.320754717,32.22641509,13592384.29,NA,NA,NA,NA
0.161539651,0.001130811,Hawaii,Naalehu,6.525080135,0.605548887,1074.618901,25.15102041,3.123265306,0.906344,0.91306377,0.86255607,94.87799673,0.906344157,3748.879822,51634.50944,14.31462733,11.67449266,0.037128019,13.93109569,19.64792655,22.46418336,2.238315323,11.88561637,6.075023139,30.36459277,13174764.68,240397.3188,1,0.041666667,24
0.035406255,8.20E-05,Hawaii,Punalulu,2.409408452,0.414130887,833.5142463,23.18666667,1.626666667,0.505985,0.88546654,0.852692767,95.09433962,0.505985114,5534,47925,13.18890156,14.25959781,0.097442144,8.331303289,20.91503268,20.95808383,4.744357439,7.461999079,7.300325262,27.34007951,955187.4498,430968.4804,3,0.125,8
0.085875523,0.000565294,Hawaii,Pahala,1.31960854,0.640668487,987.3172735,17.81636364,0.305454545,0.80183,0.854910256,0.850480222,95.18716578,0.801830336,5534,47925,13.18890156,14.25959781,0.097442144,8.331303289,20.91503268,20.95808383,4.744357439,7.461999079,7.300325262,27.34007951,6580650.297,270119.1478,3,0.125,8
0.062215082,0.000288378,Hawaii,Wood Valley,1.005379421,0.612856171,1659.367523,17.34153846,0.387692308,1.096393,0.928622629,0.896265528,95.3038674,1.096393422,5534,47925,13.18890156,14.25959781,0.097442144,8.331303289,20.91503268,20.95808383,4.744357439,7.461999079,7.300325262,27.34007951,3355676.367,NA,NA,NA,NA
0.115880901,0.000519013,Hawaii,Opihikau/Pohoiki,2.165287522,0.279398599,1962.65874,6.462,NA,0.447878,0.644868854,0.922841197,95.32875022,0.44787843,1722.232094,27951.66688,42.38286091,8.308735953,0.132898196,28.95497741,15.57026259,20.14612629,0.42765333,13.04771622,2.71539682,30.25698869,6035703.52,NA,NA,NA,NA
0.076039219,0.000404029,Hawaii,Blacksands Subdivisions,1.564456035,0.508382213,2670.419298,6.4,NA,0.409334,0.714786257,0.795853857,95.33807241,0.409333878,1183.799134,30550.97578,45.19081218,4.223602483,0.028165456,30.15937611,16.87675337,20.83045762,0.090633669,14.56721204,3.381880922,29.39458106,4697462.743,NA,NA,NA,NA
0.129308034,0.000791404,Hawaii,Kehena,2.479530862,0.311319871,2322.846758,6.31483871,NA,0.540708,0.587566455,0.874199886,95.34615385,0.54070753,2680,23328,37.3880597,15.57539683,0.319197446,26.8125855,13.24626866,18.92883346,1.027146001,10.34482759,1.529850746,31.79104478,9201608.598,NA,NA,NA,NA
0.074844992,0.000401126,Hawaii,N Kahoe Homestead Rd,2.382835353,0.532882187,3188.564602,6.16,NA,0.421095,0.874338297,0.876359803,95.37543511,0.42109454,1039,31250,45.94594595,3.125,NA,30.48327138,17.22810395,21.01449275,NA,14.97584541,3.561116458,29.1626564,4662300.388,NA,NA,NA,NA
0.397362277,0.002766216,Hawaii,Leilani Estates/Kaueleau,2.54099979,0.527296994,2986.884169,6.05,NA,0.453334,0.832137843,0.878658263,95.46240703,0.453333736,2548.218889,24406.21198,38.34485925,14.06962921,0.293006059,27.05830377,13.83724127,19.17515251,0.989050875,10.81732281,1.81024579,31.39110674,32153712.12,NA,NA,NA,NA
0.179824057,0.000755128,Hawaii,Leilani Estates/Pohoiki Rd,4.982840157,0.545505517,2769.405303,6.137142857,NA,0.544711,0.525283454,0.869967074,95.93220339,0.544710747,3673.470002,26899.58845,37.30970844,13.53568706,0.501876157,23.6616823,15.96960257,19.15839211,2.489284968,9.445519455,2.520079852,29.80711414,8775817.78,NA,NA,NA,NA
0.099817255,0.000547579,Hawaii,Railroad Ave/Papaya Farms Rd,0.843262907,0.593174129,2457.38206,5.774545455,NA,0.495833,0.872668756,0.907279027,95.93425606,0.495832898,6651,37604,37.07488181,7.422470768,1.049382716,14.218107,24.13170952,19.84640259,6.871463217,6.750202102,5.487896557,23.86107352,6362298.749,NA,NA,NA,NA
0.080379115,0.000401006,Hawaii,Waa Waa,0.522465561,0.534153457,2449.17295,5.76,NA,0.398393,0.805151647,0.91827867,95.99131379,0.398393358,6651,37604,37.07488181,7.422470768,1.049382716,14.218107,24.13170952,19.84640259,6.871463217,6.750202102,5.487896557,23.86107352,4658677.03,NA,NA,NA,NA
0.126052182,0.001053347,Hawaii,Nanawale,1.070818541,0.589900616,3164.450753,5.824,NA,0.340058,0.85666826,0.910709565,96.14855571,0.340057551,6480.452717,36990.87157,37.08833223,7.772624226,1.018022577,14.75901712,23.66419948,19.80699465,6.620460342,6.904584778,5.317905633,24.20165147,12240148,NA,NA,NA,NA
0.16082581,0.001480936,Hawaii,Pahoa,2.54277634,0.550502064,3253.770457,5.886666667,NA,0.348149,0.856347664,0.913062698,96.26614566,0.348149204,4287.875988,33501.7321,39.94033264,7.245819829,0.609305708,21.22544663,20.3493575,20.08383801,3.834725987,9.889195722,4.298049647,26.70306191,17208944.21,553334.1805,1,0.041666667,24
0.193014217,0.001527821,Hawaii,Hawaiian Beaches,1.31409174,0.579733313,2963.475603,5.76,NA,0.275217,0.824174881,0.92423045,96.34845464,0.275217312,6651,37604,37.07488181,7.422470768,1.049382716,14.218107,24.13170952,19.84640259,6.871463217,6.750202102,5.487896557,23.86107352,17749550.71,NA,NA,NA,NA
0.108508329,0.00049322,Hawaii,Makuu,3.747153952,0.539788306,3144.633111,5.76,NA,0.289818,0.715742609,0.91826987,96.35907922,0.28981797,5404.322531,36227.89872,39.01342954,6.46198222,0.815610607,17.83125461,22.59615358,20.11200472,5.344506372,8.570965546,5.058628674,25.03585694,5730187.333,NA,NA,NA,NA
0.152473924,0.001340206,Hawaii,Ainaloa,2.064167834,0.5208342,3355.264625,5.766153846,NA,0.295898,0.796037918,0.853006896,96.36374767,0.295898043,6095.512999,56440.60222,27.13774934,9.657230489,1.48E-05,15.58089484,21.89277887,17.32547814,1.675326243,11.54350539,3.850421121,18.41924462,15571249.34,26340.66216,1,0.041666667,24
0.278087346,0.004163954,Hawaii,Paradise Park,1.363334838,0.574577318,2896.247444,5.715502959,NA,0.287804,0.857524124,0.898380877,96.38910813,0.287803572,6508.95635,73119.52066,13.17895411,2.55445675,0.430273694,16.9634425,21.52562071,24.49982999,2.809205536,6.278326868,7.616991976,21.85007755,48361930.72,NA,NA,NA,NA
0.46961602,0.007570882,Hawaii,Kurtistown,1.742457292,0.559209776,3627.801302,5.743267974,NA,0.318665,0.783928666,0.942870926,96.4696549,0.318665313,5775.548509,64390.82078,21.94399929,8.743207802,1.295909958,14.82623858,23.38103268,19.18010931,2.008678187,14.47058868,4.877193791,22.75754044,87950144.08,NA,NA,NA,NA
0.453410856,0.008162406,Hawaii,Mountain View,1.992504177,0.541195781,4193.944864,6.256196319,NA,0.373498,0.724255341,0.826102852,96.72699686,0.373498032,4725.347686,60960.81949,19.79667197,7.249597249,1.33233237,16.70646499,22.35819622,21.24302509,2.807900245,14.56075756,5.256369829,24.41157361,94828907.21,NA,NA,NA,NA
0.571980166,0.006172606,Hawaii,Glenwood,1.268676634,0.524880832,4328.695861,7.761129032,NA,0.281935,0.573908808,0.904404543,96.86226183,0.281934978,3939.153128,54857.55185,17.85955474,7.313562082,1.995545902,19.43720882,17.9726735,22.52336491,4.602732983,13.51016891,4.03547511,26.40411638,71733702.54,NA,NA,NA,NA
0.258878928,0.002446752,Hawaii,Volcano Village,1.856948109,0.521357636,2698.568436,9.9175,NA,0.312203,0.407685166,0.844347894,96.8797236,0.312203002,4143.070076,66938.64532,16.51806452,3.976713301,0.797654167,20.32574381,21.65094091,23.58168306,2.948373883,13.42398387,6.65171938,23.49978005,28441943.79,NA,NA,NA,NA
0.104401545,0.00069518,Hawaii,Volcano CC,5.02341417,0.514733404,1924.336493,10.50285714,NA,0.489157,0.435499156,0.886730285,96.90222652,0.489157313,4864.598559,71318.5134,12.58900915,4.935646996,0.026772684,16.85301414,23.80292535,23.66942664,2.755785324,11.68788459,8.485977943,22.48543313,8080927.593,659964.4795,1,0.041666667,24
0.174268597,0.000825966,Hawaii,Keaau,1.940140446,0.639807447,3166.680802,5.57,NA,0.464705,0.96341447,0.922905146,96.92079763,0.464705021,5076,74380,17.20260406,6.188780053,2.818756586,19.9947313,20.00394555,21.85206098,2.992659514,15.24562394,5.082742317,26.8321513,9590808.68,NA,NA,NA,NA
0.808424704,0.011114234,Hawaii,Hilo,2.011349051,0.563636248,3749.974243,5.635883669,NA,0.639148,0.880112363,0.90489581,96.93593315,0.639147616,5191.892517,89443.04533,10.39191069,4.929347883,0.734755785,22.63748187,22.26649132,23.49238061,2.211416045,8.469939427,4.571399892,21.16798926,129006183,NA,NA,NA,NA
0.154359709,0.000848156,Hawaii,Wainaku/Kaiwiki Makai,2.065406232,0.540304493,3416.531941,5.524444444,NA,2.526066,0.952767869,0.828685833,96.97887063,2.526066069,2839.611,68297.22069,8.917837068,3.906001267,1.198399571,19.44474381,28.09501054,26.66243073,1.342162121,14.91420602,6.102612294,15.51582191,9841033.412,NA,NA,NA,NA
0.123510722,0.000846242,Hawaii,Wainaku/Kaiwiki Mauka,1.788390913,0.616184163,4647.981704,5.52,NA,2.329321,0.833839458,0.902000065,97.00377747,2.329320654,2548.608175,67731.22609,7.964090255,3.425322613,1.072616913,18.51024826,29.288738,25.51613772,1.447946082,15.16017002,6.433126712,14.74821551,9818406.038,NA,NA,NA,NA
0.217157665,0.001567665,Hawaii,Papaikou,2.815322175,0.572906842,3577.091582,5.52,NA,2.904123,0.95236085,0.87561625,97.03382167,2.904122861,4752,80109,12.93322063,7.270461155,2.340182648,24.68607306,19.57627119,26.46356033,0.657108722,14.87455197,4.082491582,19.73905724,18184027.94,NA,NA,NA,NA
0.139824353,0.001017815,Hawaii,Pepeekeo,4.056765838,0.542219586,3374.447688,5.52,NA,1.89875,0.945869523,0.949560022,97.23291627,1.898750032,4752,80109,12.93322063,7.270461155,2.340182648,24.68607306,19.57627119,26.46356033,0.657108722,14.87455197,4.082491582,19.73905724,11803079.26,NA,NA,NA,NA
0.201259446,0.001814238,Hawaii,Honomu,4.444070721,0.583165429,3962.662007,5.663098592,NA,1.909428,0.92230859,0.941358878,97.23573557,1.909427698,4752,80109,12.93322063,7.270461155,2.340182648,24.68607306,19.57627119,26.46356033,0.657108722,14.87455197,4.082491582,19.73905724,21036721.85,NA,NA,NA,NA
0.154686258,0.001183652,Hawaii,Hakalau,3.991282543,0.596610886,3924.137338,6.090833333,NA,2.344943,0.90304814,0.87116074,97.44936234,2.344942505,4607.770177,79343.61213,13.32982312,7.412328019,2.228382672,24.18439214,19.67756213,26.46932545,0.625715984,14.5700508,4.127289519,20.19094544,13722839.22,NA,NA,NA,NA
0.063957158,0.000257827,Hawaii,Kamaee Rd,1.98361345,0.634827304,4504.237764,6.648,NA,3.210411,0.774740315,0.899645413,97.5669413,3.210411258,1733,64088,21.23485286,10.24,NA,14.18495298,21.69648009,26.58423493,NA,8.500772798,5.020196192,29.19792268,2988961.24,NA,NA,NA,NA
0.099135237,0.000412581,Hawaii,Umauma,5.958214888,0.539015432,3285.65688,6.647058824,NA,2.50714,0.924683672,0.947811845,97.6203966,2.507139692,1733,64088,21.23485286,10.24,NA,14.18495298,21.69648009,26.58423493,NA,8.500772798,5.020196192,29.19792268,4782418.404,NA,NA,NA,NA
0.187748829,0.001160253,Hawaii,Ninole,5.295383408,0.561974454,3621.807716,7.360833333,NA,3.442233,0.839902168,0.88307409,97.73310522,3.442233326,1733,64088,21.23485286,10.24,NA,14.18495298,21.69648009,26.58423493,NA,8.500772798,5.020196192,29.19792268,13447307.06,NA,NA,NA,NA
0.19158629,0.001721405,Hawaii,Laupahoehoe,7.628791854,0.568579697,3569.298445,8.187462687,NA,2.461323,0.851809023,0.933351369,97.75718258,2.461322777,1733,64088,21.23485286,10.24,NA,14.18495298,21.69648009,26.58423493,NA,8.500772798,5.020196192,29.19792268,19946520.37,NA,NA,NA,NA
0.089736741,0.000372618,Hawaii,Waipunalei,6.484699528,0.576562138,3122.405671,9.085714286,NA,2.539219,0.753714123,0.928266824,97.81352099,2.539218936,1733,64088,21.23485286,10.24,NA,14.18495298,21.69648009,26.58423493,NA,8.500772798,5.020196192,29.19792268,4316852.189,NA,NA,NA,NA
0.069613849,0.000298271,Hawaii,Ookala,6.857410837,0.564725535,3038.403169,9.472727273,NA,2.024799,0.732869009,0.886293618,98.04241436,2.024799138,2003.922557,69270.73657,20.44242661,8.969407549,0.233756018,14.49409348,23.15282542,26.66984727,1.208135506,10.9433556,6.064293533,25.0955259,3455184.569,NA,NA,NA,NA
0.130498863,0.000834904,Hawaii,Paauilo,4.407941315,0.642288116,2530.725238,9.805882353,NA,1.683018,0.663274043,0.886896709,98.09620083,1.683017693,2641,81458,18.57902736,5.981595092,0.783435926,15.22104085,26.57743786,26.87116564,4.049079755,16.68711656,8.519500189,15.44869368,9669982.368,1247534.096,1,0.041666667,24
0.272899478,0.002026153,Hawaii,Paauilo/Kaumoali Gulch,5.671504,0.607528964,2364.620029,10.51012346,NA,1.374941,0.732066992,0.930840052,98.11465948,1.37494123,2641,81458,18.57902736,5.981595092,0.783435926,15.22104085,26.57743786,26.87116564,4.049079755,16.68711656,8.519500189,15.44869368,23468124.2,99979.9036,1,0.041666667,24
0.162103478,0.00093239,Hawaii,Kalopa,6.359183648,0.606191054,2354.737517,10.23135135,NA,1.173401,0.775627476,0.951578937,98.12598571,1.17340144,2641,81458,18.57902736,5.981595092,0.783435926,15.22104085,26.57743786,26.87116564,4.049079755,16.68711656,8.519500189,15.44869368,10797846.18,NA,NA,NA,NA
0.090025573,0.000412471,Hawaii,Paauhau,6.09939603,0.560355775,1970.369569,10.1225,NA,1.918902,0.707071605,0.947881796,98.16073857,1.918901754,2854.890427,81725.92198,16.1733016,6.577178073,0.79353771,15.29839498,25.9811405,24.61150719,4.220757406,16.02667568,7.76320368,16.44025806,4776144.419,NA,NA,NA,NA
0.153828025,0.001331306,Hawaii,Ahualoa,3.856287384,0.609316149,2162.646881,10.9909434,NA,0.855205,0.696094198,0.927733982,98.19277108,0.855205295,3789,82896,5.666933975,9.178228388,0.837654567,15.63621859,23.37697034,14.74304971,4.970513901,13.14237574,4.460279757,20.77065189,15417610.78,NA,NA,NA,NA
0.185944372,0.001323305,Hawaii,Honokaa,4.079646768,0.592614587,2076.748954,10.17925926,NA,1.322286,0.666318966,0.906073603,98.2300885,1.322285959,3727.400387,82818.83951,6.359773654,9.006702802,0.834745293,15.6139409,23.54870167,15.39382257,4.921071404,13.33258015,4.678090216,20.48508519,15322809.86,NA,NA,NA,NA
0.075589633,0.000411206,Hawaii,Kapulena,1.543083984,0.597870948,1872.468023,9.386666667,NA,1.642526,0.53684807,0.916536012,98.24986036,1.642526377,3789,82896,5.666933975,9.178228388,0.837654567,15.63621859,23.37697034,14.74304971,4.970513901,13.14237574,4.460279757,20.77065189,4760792.692,NA,NA,NA,NA
0.093925883,0.000504841,Hawaii,Kukuihaele,4.746112658,0.527638114,1984.394625,8.184,NA,1.671154,0.697183164,0.940559741,98.31261101,1.671153979,3789,82896,5.666933975,9.178228388,0.837654567,15.63621859,23.37697034,14.74304971,4.970513901,13.14237574,4.460279757,20.77065189,5844301.091,NA,NA,NA,NA
0.230284454,0.001581546,Hawaii,Kapaau,4.73829313,0.646321588,1312.311679,14.32322581,1.106451613,1.854495,0.837928242,0.928460256,98.34254144,1.854495124,6532,98634,8.352525718,4.954531201,0.314597315,18.47734899,20.8966682,15.27599487,0.085579803,12.02396234,2.755664421,30.77158604,18296246.4,10840.64,1,0.041666667,24
0.297617793,0.002965138,Hawaii,Hawi,10.30032322,0.61117625,970.3857831,19.38733333,3.014666667,0.853603,0.883990308,0.916419945,98.34933974,0.85360311,6532,98634,8.352525718,4.954531201,0.314597315,18.47734899,20.8966682,15.27599487,0.085579803,12.02396234,2.755664421,30.77158604,34301471.77,NA,NA,NA,NA
0.061975542,0.000240423,Maui,Kailua,1.931801035,0.63790886,2894.570983,5.648,0.24,3.177594,0.829904867,0.93976138,98.37000815,3.177593987,2991,81719,12.01211306,6.223776224,1.008878128,13.76109766,14.4957265,29.96357013,2.18579235,10.2003643,4.58040789,25.37612839,2769529.15,319723.9207,1,0.041666667,24
0.133284315,0.000585662,Maui,Huelo,3.827779836,0.622159777,2453.804835,5.475384615,0.230769231,3.349219,0.873294658,0.907666148,98.41188525,3.349219006,2991,81719,12.01211306,6.223776224,1.008878128,13.76109766,14.4957265,29.96357013,2.18579235,10.2003643,4.58040789,25.37612839,6745689.193,NA,NA,NA,NA
0.401097662,0.005173333,Maui,Haiku,5.366803877,0.643921169,1779.518459,9.979712919,0.238851675,2.369622,0.851356015,0.951131329,98.47498286,2.369621721,3773.025175,95187.57208,11.05783744,7.332565216,0.892818799,19.21852974,20.52058297,33.5886404,1.480037744,4.773344903,6.598033101,18.20999828,59587912.41,158503.5088,1,0.041666667,24
0.120852744,0.00086226,Maui,Hailiimaile,10.17464421,0.572350973,1031.269918,14.672,0.486857143,1.247004,0.883068011,0.927566685,98.63947716,1.247004138,6027.421137,85540.17596,12.25676927,5.577355185,2.456070083,23.11806816,22.97828712,37.53210963,1.017361065,6.202785699,6.871845436,18.04773478,9933820.173,795730.0368,3,0.125,8
0.101224459,0.000593943,Maui,Makawao,8.480951541,0.529300782,887.4742592,16.35666667,0.465,1.054971,0.873296995,0.93074652,98.73562397,1.054970781,4865.549659,100596.1477,9.68404084,4.319375298,1.695214527,22.91781775,21.02127256,36.03013407,0.713837297,5.306913446,6.593379125,20.0495021,6843779.49,NA,NA,NA,NA
0.172010987,0.000809133,Maui,Piiholo,4.019535663,0.630214137,1861.279031,13.59034483,0.24,2.676669,0.707942013,0.94328655,98.73987399,2.676669049,3112.721869,96344.29323,7.63520854,2.404219037,0.711385761,16.91863785,19.10804129,30.56520521,0.792876339,7.968428925,6.155705188,25.86474024,9324729.087,10242.43278,1,0.041666667,24
0.155844121,0.000851448,Maui,Olinda,5.371822489,0.59242269,1293.558295,15.6230303,0.265454545,1.901008,0.790791784,0.90701532,98.7458194,1.901007999,3093.330978,105023.351,5.986200222,1.239591802,0.568673311,18.6268685,20.21776317,31.10364068,0.300178191,6.715769066,6.601480165,25.70137472,9812112.362,NA,NA,NA,NA
0.120970185,0.000845584,Maui,Pukalani,7.932613407,0.493942465,626.3331266,18.33714286,1.094857143,1.462365,0.89667107,0.947624831,98.76784271,1.462364609,5156.754024,130422.3961,9.839447084,5.751243354,0.269464849,22.29103713,17.71562855,37.64763609,1.402656769,3.140256867,6.211513602,21.02750035,9744121.784,1701400.777,3,0.125,8
0.092846459,0.000468572,Maui,Kula 200,5.852192629,0.52232079,763.172136,19.39333333,0.84,1.263371,0.790947278,0.965058273,98.85309907,1.263371457,2298.254783,155196.4617,3.72849125,2.943074727,0.001250484,27.24032217,14.21218338,35.63298115,0.00719047,0.022444854,5.446472006,21.28414521,5400301.538,NA,NA,NA,NA
0.257180571,0.002311569,Maui,Waiakoa,5.671785396,0.451085245,487.281732,25.99565217,1.270869565,1.739449,0.928584703,0.898636442,98.97260274,1.739449466,3761.763874,113298.0141,6.852024287,5.61498635,1.264861191,15.31406021,21.38777201,24.0512342,3.93534662,1.660979376,3.078601258,17.07407616,26645681.27,453310.9209,2,0.083333333,12
0.165028363,0.00113775,Maui,Lower Kula,3.936564366,0.458480729,602.5015753,25.23636364,1.116363636,1.350586,0.80552594,0.898972029,98.97666068,1.350585555,5658.206498,92334.94613,13.72613883,4.503830133,0.379643073,24.05965778,23.06223385,31.17552428,0.658396288,6.440465418,4.261665522,25.63122197,13116420.17,NA,NA,NA,NA
0.172741705,0.0010318,Maui,Upper Kula,2.986999101,0.42887979,661.9339683,24.69560976,1.12195122,1.169379,0.686845831,0.890049973,98.99867472,1.169379138,5849,90319,14.3853531,4.424446944,0.301204819,24.81464319,23.23058378,31.84357542,0.372439479,6.890130354,4.37681655,26.39767482,11896143.65,NA,NA,NA,NA
0.176572868,0.001596068,Maui,Wahikuli-Keokeo Homesteads,2.751288975,0.4596306,650.4051288,29.91492063,1.707936508,1.698654,0.76260708,0.925962148,99.00774066,1.698653944,4702.455909,101316.7042,10.35707412,5.023447378,0.844861908,19.60007151,22.45970264,27.16394799,2.324754803,4.125664777,3.553282019,21.41477134,18406143.87,NA,NA,NA,NA
0.100286416,0.000493489,Maui,Kula Hawaiian Homesteads,3.176423187,0.490072333,678.568858,31.84,5.093333333,1.54671,0.891284296,0.956818215,99.01939655,1.546710052,5626.658074,92451.71409,13.60417484,4.540607248,0.406632744,23.80341482,23.08109175,30.93608535,0.751039442,6.354035312,4.217113791,25.43137237,5692127.244,NA,NA,NA,NA
0.058360794,0.000183484,Maui,Kuau,12.55213876,0.467372162,792.8982511,8.686666667,0.693333333,1.099958,0.953698984,0.894272255,99.07957108,1.099958269,2642,120147,15.02649508,11.28834356,0.376952073,24.87883683,20.60721063,38.77068558,NA,1.773049645,5.450416351,13.47464042,2113195.416,546051.6063,2,0.083333333,12
0.098477799,0.000544187,Maui,Paia,11.69961674,0.508157445,717.7669522,14.60761905,1.097142857,0.843102,0.936619647,0.832473942,99.17910448,0.843101527,2642,120147,15.02649508,11.28834356,0.376952073,24.87883683,20.60721063,38.77068558,NA,1.773049645,5.450416351,13.47464042,6268139.039,1678942.176,4,0.166666667,6
0.104018324,0.000411641,Maui,Spreckelsville,10.33927172,0.396157633,479.7938104,11.56235294,1.28,0.771684,0.894787207,0.880248882,99.20424403,0.77168371,5271,78913,8.916714096,3.801065719,2.932704897,22.28332024,20.9068488,51.28893663,3.114930183,11.86895811,3.206222728,18.23183457,4741450.086,752882.8127,1,0.041666667,24
0.183789821,0.001572854,Maui,Kahului,8.697062021,0.37076452,418.9252108,19.6952381,2.532698413,0.795208,0.893148917,0.755777123,99.24192485,0.795208172,4797.62091,94385.01218,11.1744017,4.768588865,2.087909208,20.8214824,21.29276806,42.10411036,2.69100903,10.39440008,3.724580754,17.4188219,18120488.77,549884.6612,3,0.125,8
0.173791353,0.001080634,Maui,Wailuku,4.722222312,0.400264431,827.5926711,17.46190476,0.992380952,1.489662,0.780461057,0.915199272,99.28052932,1.489661936,5330.239819,103403.7713,7.210650637,3.604345213,1.080853445,24.56882293,23.6981124,25.50561049,3.121968106,12.0432507,5.67749656,20.05610559,12448497.46,NA,NA,NA,NA
0.102840164,0.000624119,Maui,Waikapu,9.311676313,0.43285175,603.4185801,24.335,1.201666667,0.905246,0.944417715,0.946767195,99.33978873,0.905246335,6965.168302,120105.6761,13.54646806,5.622402991,0.529014513,18.53166108,27.31837974,20.43692847,1.556963347,3.245622943,5.537203136,13.34077771,7191116.034,153359.2639,2,0.083333333,12
0.089132951,0.000447096,Maui,Wailuku Heights,4.010547342,0.490125392,1198.151107,20.214,1.004,3.398925,0.681334581,0.970207185,99.48021946,3.398925306,7593.119113,122943.9339,5.05887127,1.72733096,0.68150608,25.45557597,26.53427009,14.84721352,1.438168141,5.651822355,6.577345236,16.96674453,5150962.02,NA,NA,NA,NA
0.056446528,0.0001427,Maui,Waiehu,4.718356583,0.349250104,668.7182149,15.85,0.92,1.558906,0.875464175,0.869093415,99.56303817,1.55890613,7279.303802,121306.6533,6.392558711,3.186351334,0.612506925,16.05995695,24.8567727,15.17099957,3.900272839,13.42964836,5.047213499,20.09167878,1643685.467,NA,NA,NA,NA
0.084871239,0.00044,Maui,Waiehu Camp,1.423729378,0.477450654,903.8416942,14.4,0.92,1.584836,0.790685004,0.966969211,99.62904081,1.584835794,8285.47822,125413.8788,5.660107327,3.154256207,0.41023745,19.50403272,27.19555414,16.00097922,0.302283413,3.457843334,5.835024899,14.5710757,5067856.36,NA,NA,NA,NA
0.063457426,0.000170018,Maui,Waihee,5.573669198,0.299929654,615.4413119,14.8,0.92,1.767782,0.834297642,0.970754112,99.87316351,1.767781874,7978.882808,124085.349,6.122165539,3.477202441,0.443325025,16.65610718,26.27799678,15.87399725,1.688232449,7.505200564,5.317372969,16.55652812,1958161.488,NA,NA,NA,NA
0.112615438,0.000542204,Maui,Camp Maluhia,2.310085093,0.330361974,820.4729684,13.18727273,0.658181818,2.103241,0.74764558,0.951626342,99.94683679,2.103240851,8364,125694,5.728294666,3.316086548,0.379472353,18.82905674,27.27055163,16.13183001,0.173460538,3.209019948,5.75083692,14.29937829,6244007.007,NA,NA,NA,NA
0.130583604,0.000784752,Maui,Waiolai Gulch/Kahakuloa,5.907129787,0.330660774,983.7198352,12.77575758,0.272727273,4.42372,0.799538233,0.916424959,100,4.423719705,8364,125694,5.728294666,3.316086548,0.379472353,18.82905674,27.27055163,16.13183001,0.173460538,3.209019948,5.75083692,14.29937829,9035582.529,NA,NA,NA,NA
0.066356479,0.000225498,Maui,Kahakuloa,6.896351885,0.334344129,814.5947081,12.584,0.24,4.817131,0.634107779,0.885649517,100,4.817131487,8364,125694,5.728294666,3.316086548,0.379472353,18.82905674,27.27055163,16.13183001,0.173460538,3.209019948,5.75083692,14.29937829,2595887.501,NA,NA,NA,NA
