Shape_Leng,Shape_Area,Island,WUI_Riskar,NDVI_2001,NDVI_2002,NDVI_2003,NDVI_2004,NDVI_2005,NDVI_2006,NDVI_2007,NDVI_2008,NDVI_2009,NDVI_2010,NDVI_2011,NDVI_2012,NDVI_2013,NDVI_2014,NDVI_2015,NDVI_2016,NDVI_2017,NDVI_2018,NDVI_2019,NDVI_2020,NDVI_2021,NDVI_2022,NDVI_2023,NDVI_2024,,
0.130783892,0.000653065,Kauai,Kekaha,0.335116698,0.420172421,0.447376013,0.407865909,0.405942739,0.359664447,0.385717716,0.37276547,0.273467111,0.338588697,0.294716251,0.33145491,0.421723382,0.382313534,0.39725762,0.433217505,0.440260263,0.441986687,0.452095525,0.401911364,0.429706056,0.493484742,0.429075241,0.492863275,0.383549743,0.385487065
0.123977325,0.000748208,Kauai,Waimea,0.397796901,0.487005907,0.49486278,0.466220106,0.489344012,0.438030014,0.459360227,0.458633086,0.36112362,0.473132248,0.414628595,0.441230058,0.540865923,0.445706878,0.441132718,0.470861721,0.544892732,0.512854919,0.54769392,0.477072108,0.46563281,0.555844365,0.503236793,0.470871779,0.454321369,0.456582348
0.060208153,0.000171244,Kauai,Pakala,0.502914796,0.577558084,0.569482252,0.574261494,0.525318964,0.554822368,0.52321189,0.456768949,0.297105307,0.454093446,0.378271795,0.385096835,0.493000618,0.400682919,0.417924661,0.447716151,0.502477248,0.48366576,0.515039265,0.445263972,0.437143866,0.508765579,0.466680145,0.443735484,0.454440074,0.452501085
0.117363156,0.00056463,Kauai,Hanapepe,0.559875948,0.608222888,0.602374603,0.573316022,0.59075787,0.529892476,0.593866711,0.52007471,0.391831364,0.564049805,0.467294602,0.479580379,0.576056839,0.47127388,0.435871267,0.496836003,0.546060054,0.501036908,0.550052832,0.494456986,0.476566623,0.553299864,0.495074372,0.41826047,0.499839339,0.497437875
0.098842262,0.00044183,Kauai,Eleele,0.497814101,0.537753896,0.569229457,0.553342634,0.550420059,0.512629356,0.544683668,0.543384051,0.478220386,0.566818296,0.508581574,0.535729215,0.578012722,0.530931084,0.51188446,0.542469202,0.549960037,0.526674013,0.567845971,0.515707653,0.509646875,0.52161526,0.491502102,0.471511058,0.508654685,0.509088309
0.061853309,0.000288868,Kauai,Numila,0.556667843,0.549384164,0.573459332,0.587288132,0.545943512,0.535566887,0.580747968,0.568713146,0.555703237,0.610358485,0.540800606,0.568784733,0.608295069,0.596504639,0.587867642,0.600585775,0.611794486,0.58525973,0.59673984,0.567197405,0.580791611,0.564212391,0.551413248,0.525908811,0.549999548,0.549732816
0.162158928,0.001537442,Kauai,Kalaheo,0.57074719,0.624308346,0.650648056,0.624199576,0.604096738,0.58323289,0.609445553,0.61240411,0.596208392,0.629361132,0.606883453,0.610263257,0.656176947,0.624506759,0.633198832,0.649858919,0.653791198,0.633833663,0.651804588,0.634729546,0.633874687,0.63026665,0.611548425,0.622615042,0.598320158,0.599423077
0.148419415,0.000766571,Kauai,Lawai,0.577662606,0.633816321,0.647213144,0.643543504,0.621276831,0.591675144,0.624298432,0.605959297,0.617757806,0.630294411,0.619207238,0.617723587,0.661389353,0.64459806,0.647326532,0.657238852,0.655713302,0.643582248,0.643989806,0.650621451,0.658644144,0.644375756,0.599534588,0.630435602,0.606715121,0.607877221
0.106786966,0.000547695,Kauai,Omao,0.559383912,0.601661206,0.645607537,0.639263527,0.606324957,0.596233203,0.633219681,0.59609899,0.611340636,0.634357053,0.611004179,0.626682359,0.660340931,0.639517948,0.625529254,0.641819206,0.625440562,0.623471533,0.62696036,0.648436204,0.666425766,0.638346423,0.600106411,0.625146221,0.599308722,0.600905715
0.126561402,0.000400597,Kauai,Poipu,0.336633249,0.454267187,0.503725488,0.45014198,0.430671587,0.382956106,0.415076868,0.41429157,0.359821879,0.444332566,0.417442815,0.433690713,0.480657047,0.398772259,0.400970729,0.467137269,0.451504927,0.465173116,0.484265459,0.426511465,0.463107239,0.465032288,0.419103871,0.442810843,0.416323941,0.419511569
0.16842369,0.001101571,Kauai,Koloa,0.448550916,0.535375388,0.595913276,0.537353798,0.517961478,0.443395602,0.487402796,0.495958537,0.471986538,0.541150568,0.500089026,0.526816214,0.580128831,0.516155534,0.506255856,0.549264307,0.556872352,0.575343564,0.572251759,0.543335956,0.547824211,0.555433793,0.519351016,0.529793791,0.506158604,0.508462912
0.058344052,0.00025142,Kauai,Kahili Wai,0.515090455,0.565704701,0.594186172,0.583862799,0.593807488,0.577462573,0.564421527,0.566301152,0.571473215,0.567776797,0.572888265,0.57950594,0.629503866,0.591696667,0.602442542,0.6365391,0.574985019,0.587072507,0.599735064,0.578688966,0.640146512,0.593499274,0.563690299,0.621403836,0.562875389,0.564786787
0.066506362,0.000196075,Kauai,Niumalu,0.425768879,0.463518504,0.486937033,0.481449315,0.447021636,0.452798598,0.48638043,0.502839328,0.448643877,0.479485691,0.488525061,0.476661143,0.501221431,0.461764378,0.459261401,0.498304105,0.444581209,0.516998881,0.513342818,0.46711268,0.491412915,0.485616543,0.44998249,0.433063588,0.454507677,0.455657229
0.106116622,0.000676508,Kauai,Puhi,0.514396036,0.533555159,0.552820746,0.527328031,0.53847507,0.53223904,0.532403793,0.570490987,0.518305783,0.518595587,0.509186612,0.551565033,0.565990125,0.538033373,0.550193056,0.57295932,0.562265018,0.599060177,0.575974931,0.570212667,0.578308483,0.582517292,0.552326093,0.559508663,0.528268443,0.528823339
0.192331327,0.001172459,Kauai,Lihue,0.442260174,0.476690891,0.497973026,0.471307156,0.451790398,0.432831747,0.46071142,0.472957679,0.433066883,0.463650549,0.439177142,0.476869916,0.488980377,0.444994485,0.459601688,0.496860047,0.479803979,0.503017141,0.509405225,0.482374974,0.488408501,0.501092284,0.47816035,0.458735007,0.452428842,0.452835588
0.155618526,0.00072571,Kauai,Hanamaulu,0.431801273,0.51767024,0.524632696,0.479182657,0.460870622,0.442152582,0.480521062,0.497696638,0.452627321,0.48292893,0.432212636,0.508021969,0.521795662,0.47632024,0.47701661,0.517789849,0.505678225,0.546665379,0.547428029,0.504302639,0.519243763,0.548496157,0.506299993,0.491365875,0.474908842,0.476633145
0.239637549,0.001925927,Kauai,Wailua Homestead,0.557035958,0.586406094,0.606892039,0.593076608,0.589942714,0.580484105,0.597663904,0.60022937,0.593389085,0.599343724,0.569015561,0.598576636,0.609522556,0.618587259,0.588771832,0.634770794,0.610892671,0.620280568,0.630555306,0.592428305,0.617510667,0.62828791,0.589282517,0.631492033,0.577777529,0.578607191
0.126458849,0.000727051,Kauai,Wailua House Lots,0.482482822,0.509824901,0.568393235,0.544244343,0.507262313,0.509961323,0.535262758,0.53251774,0.516757629,0.562801672,0.488257624,0.563493536,0.568018673,0.549351044,0.532779111,0.578741736,0.54967565,0.569165077,0.580919738,0.545948878,0.564950874,0.589170592,0.531864541,0.561474758,0.521732823,0.523302823
0.092673098,0.000372039,Kauai,Waipouli,0.342896286,0.378055784,0.445512835,0.426750988,0.379642744,0.387783422,0.417647246,0.401060707,0.404186782,0.427826122,0.3746607,0.445629525,0.446885615,0.417214811,0.404219194,0.422564496,0.41186345,0.459590385,0.453144994,0.429918013,0.442690662,0.466473331,0.406178416,0.43977983,0.401287054,0.403622684
0.083429818,0.000336513,Kauai,Kealia,0.363504533,0.401068978,0.462359222,0.444360925,0.436276428,0.40738,0.428627325,0.43432214,0.427988024,0.465325428,0.402642773,0.468317586,0.448183386,0.462717196,0.435886622,0.423312644,0.408078578,0.507756453,0.473723544,0.432238851,0.478548412,0.492937751,0.428061366,0.504384524,0.425520108,0.42800073
0.22601273,0.002158273,Kauai,Kapaa,0.522041407,0.537731066,0.581748196,0.57240718,0.55845992,0.539933625,0.555486116,0.570026869,0.560988002,0.571907052,0.532463566,0.578602382,0.581531601,0.591846289,0.570619041,0.570013582,0.558495561,0.602064803,0.582376543,0.567508182,0.56325133,0.590867663,0.551236868,0.598170065,0.544391076,0.545285063
0.087240784,0.000450977,Kauai,Anahola,0.353000801,0.406304131,0.435938208,0.429590186,0.437139421,0.397628288,0.394172302,0.429753572,0.408094973,0.464882376,0.39634246,0.453773274,0.435939176,0.447069412,0.437839276,0.428643046,0.343179697,0.481555763,0.493797254,0.403852025,0.437870448,0.470064038,0.43349067,0.452041523,0.410878493,0.413193601
0.175807684,0.001092282,Kauai,Papaa,0.337173725,0.392382497,0.425338844,0.433645856,0.426908612,0.441673864,0.451940897,0.422728275,0.447821704,0.459883689,0.412072874,0.464389994,0.450809657,0.433385748,0.457527452,0.496428428,0.344977551,0.490762132,0.482522325,0.425550357,0.450404057,0.451052705,0.446465908,0.452347844,0.4199278,0.423237963
0.151040432,0.001016974,Kauai,Moloaa,0.477649515,0.509903664,0.539252645,0.56095755,0.533054853,0.54370661,0.563303913,0.544761391,0.518887337,0.587339957,0.507832559,0.560208076,0.530268306,0.532766017,0.559560247,0.605340048,0.461440218,0.591500209,0.580501205,0.522480363,0.56856743,0.515217048,0.520045982,0.58659862,0.520845751,0.5225736
0.252822585,0.001673792,Kauai,Kilauea,0.495523228,0.559805995,0.554883894,0.574642515,0.526920306,0.552167896,0.577628148,0.56963069,0.545625698,0.576523718,0.527206394,0.566322664,0.565266899,0.573601057,0.561943788,0.610349109,0.499421191,0.587156625,0.574909323,0.546498451,0.586291285,0.543208956,0.529691474,0.631138312,0.537454305,0.539131548
0.238691416,0.001339841,Kauai,Kalihiwai,0.455622073,0.546362249,0.519128051,0.556578256,0.495180093,0.508030854,0.532542628,0.549978767,0.52105949,0.534216158,0.493921913,0.51083262,0.534965552,0.553377722,0.531940327,0.594394296,0.468548883,0.561918914,0.545792121,0.528521443,0.561603782,0.528730081,0.501966424,0.613794445,0.509960286,0.512133814
0.205490258,0.001109688,Kauai,Princeville,0.411261548,0.498683112,0.479965758,0.536644568,0.455427397,0.508389796,0.498587437,0.523138611,0.484666252,0.504331075,0.477371625,0.506429058,0.489900022,0.523739707,0.496868797,0.58308167,0.458206547,0.559616197,0.52190701,0.512818392,0.552216398,0.511947863,0.488937248,0.573969234,0.486324213,0.489326719
0.207824481,0.00070669,Kauai,Hanalei,0.484285888,0.552566681,0.524226967,0.568254337,0.518844411,0.559950652,0.558288843,0.558389756,0.546038878,0.525967822,0.53814327,0.566340687,0.524998623,0.576267317,0.552977498,0.625406511,0.499163151,0.596113599,0.57493224,0.548699815,0.594188086,0.577192185,0.530845968,0.639439338,0.533660901,0.535635901
0.103752507,0.000537415,Kauai,Lumahai,0.417821837,0.481722469,0.459324831,0.519126741,0.467547018,0.489964749,0.486532456,0.461459963,0.441262705,0.41877007,0.471859237,0.493604469,0.430767728,0.495738247,0.439151986,0.551100669,0.366567921,0.525913628,0.489051882,0.487756287,0.554914699,0.482920446,0.488061592,0.616269534,0.461488447,0.463235111
0.097718619,0.0002484,Kauai,Wainaha-Haena,0.233552272,0.270377628,0.245556178,0.300171475,0.275425833,0.276600434,0.273337515,0.26432636,0.245280861,0.224529042,0.26706175,0.279699195,0.224331925,0.289652829,0.253885708,0.350117218,0.207701947,0.308327512,0.292559692,0.265907886,0.360686476,0.290658717,0.291699528,0.360201553,0.266065981,0.26736653
0.037819036,8.10E-05,Oahu,Makua Keeau,0.154179168,0.255937563,0.290163961,0.266688046,0.253497213,0.236394743,0.215875948,0.268673277,0.222234277,0.255040944,0.193763984,0.232827977,0.312424912,0.253184731,0.237416852,0.268531357,0.278102825,0.318858507,0.269817279,0.227289622,0.274014715,0.265624967,0.260261588,0.300417623,0.244448883,0.248059672
0.166695933,0.001110827,Oahu,Makaha,0.32367147,0.409456565,0.448449694,0.433993168,0.397676651,0.39049936,0.348862866,0.417490018,0.363317342,0.429542732,0.325714112,0.371338142,0.447487326,0.390828249,0.380994139,0.394740476,0.410365021,0.424138905,0.408720372,0.368733731,0.404894976,0.393772181,0.392915325,0.423169743,0.380030903,0.38228528
0.158953979,0.001072153,Oahu,Waiane,0.292581121,0.395420274,0.45560824,0.420724892,0.405685888,0.380090033,0.362734364,0.385071483,0.320098596,0.423864077,0.328300561,0.361790478,0.4351433,0.376768439,0.360522886,0.382500045,0.414599901,0.399456101,0.391620856,0.359175346,0.383734481,0.396096472,0.390556735,0.397469494,0.368784563,0.3718327
0.204895912,0.001433065,Oahu,Maili,0.259797188,0.368229642,0.438644631,0.39461612,0.399813223,0.354479899,0.347770055,0.355647774,0.291204277,0.407676622,0.304078024,0.340083859,0.41254808,0.364614358,0.34785385,0.368835503,0.410580177,0.366305207,0.385478692,0.347549899,0.3786768,0.379174372,0.38943331,0.383432351,0.351860957,0.355543507
0.205018323,0.001513371,Oahu,Nanakuli,0.208990618,0.345392806,0.428218143,0.350254793,0.367385656,0.327064598,0.317902239,0.321105459,0.270800952,0.373895331,0.263048492,0.321152925,0.397429173,0.358930685,0.339479359,0.35393042,0.384479468,0.309585511,0.362512056,0.321521554,0.367479682,0.361785561,0.362880876,0.35412882,0.326774207,0.331485551
0.114510535,0.000681965,Oahu,Honokai/Koolina,0.177924419,0.291851226,0.382430894,0.319547424,0.318060458,0.291440913,0.277324624,0.296837832,0.235080555,0.328486666,0.249379369,0.28556687,0.350632696,0.315368933,0.326255659,0.305815196,0.322325947,0.287104643,0.289572223,0.286834327,0.324117094,0.33837393,0.337260626,0.37876279,0.292654213,0.297243404
0.148562817,0.001398818,Oahu,Makakilo,0.239567014,0.369608286,0.459443785,0.415625487,0.409330472,0.348220754,0.371375509,0.367080621,0.294863142,0.419426525,0.304993402,0.349514397,0.429056523,0.375900813,0.397127243,0.394162914,0.415694517,0.370834472,0.36163555,0.352282156,0.37226022,0.399199474,0.413573825,0.412111807,0.361715556,0.366601498
0.210737936,0.001554811,Oahu,Kapolei,0.242669415,0.347245524,0.417682532,0.380085359,0.372156728,0.307447406,0.317199291,0.339876859,0.28066655,0.367786662,0.295785965,0.322593605,0.375670508,0.351622504,0.353643722,0.359407621,0.369841151,0.361409545,0.350633054,0.340434467,0.362615675,0.377746325,0.373596781,0.407396155,0.335008536,0.338702101
0.227797562,0.002131179,Oahu,Ewa,0.256424259,0.338948766,0.397709882,0.367564853,0.365447795,0.331961421,0.349307247,0.348713712,0.309502489,0.382548086,0.316971729,0.351571263,0.389453263,0.368508642,0.377295808,0.375985873,0.386341023,0.372657071,0.340042304,0.337817961,0.354556022,0.367827338,0.362226294,0.409526435,0.342356382,0.345793666
0.242256142,0.00230489,Oahu,Waikele,0.324368735,0.390500245,0.437976871,0.42229508,0.420392472,0.366048071,0.387892787,0.38270431,0.334983312,0.42448513,0.361683046,0.392201668,0.42926626,0.395333073,0.4201264,0.409827706,0.442477926,0.420506852,0.40190391,0.39271367,0.402957175,0.411027181,0.416760042,0.421092906,0.384380993,0.386781483
0.294585001,0.004045724,Oahu,Mililani,0.475073459,0.523523644,0.544960611,0.546359508,0.525162833,0.497982913,0.512942648,0.511157602,0.487806507,0.539540245,0.516935536,0.524380845,0.558241828,0.516764639,0.549010134,0.527253521,0.548480404,0.541432044,0.52107006,0.50998657,0.511161584,0.505296742,0.528878173,0.532365818,0.502230715,0.503317005
0.229456905,0.002250327,Oahu,Wahiwa,0.516334715,0.547526784,0.544494605,0.536974487,0.529076313,0.526694074,0.54101238,0.531878431,0.518946912,0.55151322,0.53801896,0.553035291,0.562275203,0.548615345,0.561019565,0.555308963,0.560760647,0.560362227,0.552855612,0.53058774,0.540293178,0.537572227,0.559743533,0.567657561,0.522902319,0.523165023
0.353106755,0.004026522,Oahu,Pearl City/Halawa,0.447790461,0.498733997,0.529308337,0.519154657,0.504991812,0.479638742,0.497884308,0.475844628,0.460098179,0.506068313,0.491838538,0.491097105,0.514977911,0.486854882,0.511772126,0.498576264,0.52163856,0.511457404,0.494962533,0.492021716,0.477943427,0.472459245,0.487107812,0.491958303,0.47456717,0.475638239
0.584376269,0.006368017,Oahu,Honolulu,0.407549269,0.460587901,0.468656704,0.465267072,0.449626701,0.429938422,0.438372675,0.433210662,0.425491634,0.439420075,0.424789453,0.450517962,0.462867906,0.443368094,0.441599942,0.455810457,0.467677529,0.462823836,0.440515524,0.426182298,0.435715458,0.414992268,0.418877354,0.454564608,0.424736952,0.42542446
0.368271724,0.003432302,Oahu,East Honolulu Diamond Head,0.313316211,0.383033765,0.408356478,0.401030787,0.37368752,0.340846456,0.360227939,0.362721848,0.349696207,0.364827398,0.331041269,0.354809638,0.399164913,0.366748107,0.358313079,0.357508502,0.385872962,0.387153061,0.379660301,0.354479549,0.337535533,0.336660315,0.351349743,0.371331905,0.34917494,0.350609289
0.603908448,0.004169216,Oahu,East Honolulu Hawaii Kai,0.25475835,0.330034539,0.391929541,0.370522799,0.338101889,0.299047713,0.319749756,0.340721487,0.314953693,0.345317479,0.294647121,0.327593163,0.375576738,0.341097565,0.325949803,0.356992111,0.365159235,0.375841438,0.353887234,0.333303829,0.312891882,0.30682492,0.311352972,0.367213984,0.32213877,0.324833986
0.254556678,0.001904637,Oahu,Waimanalo,0.297110787,0.374867262,0.413551146,0.379126371,0.390937113,0.342998685,0.383611924,0.389795531,0.369399306,0.377127194,0.338151218,0.361384397,0.39430124,0.389851153,0.37070874,0.418095412,0.39200717,0.419624824,0.406879283,0.349595534,0.359081602,0.375813358,0.383612659,0.374054031,0.362067438,0.364665704
0.320769122,0.003341784,Oahu,Kailua,0.34487923,0.384128766,0.404858408,0.388838484,0.395763633,0.323521921,0.380006725,0.406940652,0.355278454,0.383318675,0.340654636,0.352385527,0.417367073,0.392447311,0.376591469,0.406000233,0.385902583,0.415532405,0.389705062,0.350222974,0.37382217,0.391191676,0.40671494,0.382993827,0.365962673,0.366806011
0.310038669,0.002485965,Oahu,Kaneohe,0.353825002,0.388292302,0.406389855,0.399436183,0.403503292,0.349498738,0.387497027,0.40202282,0.3605195,0.412840625,0.346921796,0.394176859,0.433147391,0.409153569,0.390922762,0.424506954,0.400296193,0.423520929,0.395833428,0.378334946,0.395200853,0.378889268,0.3972527,0.402910436,0.377395737,0.378338566
0.211551687,0.001740194,Oahu,Kahaluu,0.301502471,0.354884421,0.340193302,0.361021275,0.368285083,0.318369346,0.396951233,0.352799333,0.328968093,0.367602013,0.327720665,0.387050918,0.418391018,0.36040073,0.373444639,0.363659501,0.398252698,0.430091279,0.369550147,0.394577901,0.382983283,0.36039849,0.367426563,0.402310541,0.353073398,0.355136235
0.153572604,0.000689372,Oahu,Waiahole/Waikane,0.315080389,0.316017596,0.305497703,0.3296351,0.336524984,0.260242334,0.378619457,0.314375114,0.293115991,0.382614026,0.289556261,0.359811772,0.368370439,0.314098416,0.365781548,0.373772306,0.39506808,0.401239358,0.350256923,0.369032765,0.365574278,0.367244247,0.350251664,0.346254307,0.329921402,0.330515043
0.10177252,0.000384501,Oahu,Kaaawa,0.038041883,0.053200803,0.121645071,0.080492643,0.059934104,0.046679309,0.100258326,0.058166364,0.072131021,0.109041221,0.065061366,0.087447462,0.130616052,0.07720513,0.112801687,0.132587367,0.071638756,0.112229841,0.092550186,0.069773991,0.10497108,0.109771194,0.103848319,0.18196904,0.087682489,0.089668113
0.022589916,2.44E-05,Oahu,Kahana,0.211135384,0.274619922,0.329716779,0.281051978,0.269987009,0.22887633,0.282331236,0.266385153,0.286090426,0.266029328,0.220105559,0.259011716,0.39113722,0.257704001,0.322173908,0.337209225,0.232814416,0.327379026,0.300000779,0.270875424,0.268242307,0.30922547,0.289639406,0.353194483,0.273397459,0.275887942
0.138879599,0.000638053,Oahu,Punaluu,0.131446279,0.168638304,0.235186379,0.196013068,0.225759682,0.153548618,0.217766591,0.201646041,0.227807078,0.194674197,0.145073284,0.21107734,0.300084202,0.199814451,0.21327523,0.229692957,0.174418909,0.219628902,0.259407415,0.191955071,0.261258323,0.239085598,0.251271196,0.24166713,0.20360785,0.206494313
0.081987097,0.000357568,Oahu,Hauula,0.252859765,0.318766831,0.359699287,0.305542961,0.338175246,0.274333612,0.336925358,0.360777226,0.310997407,0.354566495,0.267795274,0.318093849,0.420649577,0.268742654,0.324879615,0.359293852,0.249131655,0.33943782,0.354902754,0.265354416,0.371993739,0.327610243,0.344101188,0.363886878,0.311540708,0.313887946
0.167581969,0.000725432,Oahu,Laie,0.404996728,0.454444993,0.483188445,0.426649799,0.483228001,0.367390529,0.443503932,0.445798149,0.402882224,0.453118728,0.398879201,0.415462881,0.505523255,0.384087382,0.415480821,0.442365965,0.377287495,0.442514494,0.43475888,0.362250984,0.438482147,0.414826295,0.413342412,0.458330971,0.410751789,0.410981991
0.097232356,0.000524279,Oahu,Kahuku,0.431956261,0.506894673,0.529162222,0.483988207,0.491301503,0.423748332,0.487649505,0.473361724,0.432770841,0.514603946,0.44933989,0.459979879,0.561562992,0.482743879,0.491282686,0.498008989,0.439594944,0.488878512,0.500275792,0.462092665,0.496647988,0.481280323,0.491535801,0.52288972,0.464062051,0.465346282
0.056656145,0.0002333,Oahu,Kahuku/Marconi,0.366980742,0.410011294,0.444844997,0.407831343,0.403370209,0.371912898,0.43287372,0.411675068,0.382912817,0.417150859,0.399625297,0.36619714,0.452282974,0.374863476,0.372898479,0.436917612,0.365793906,0.450681061,0.445468398,0.395659895,0.440503164,0.403796182,0.415043385,0.395155973,0.390578036,0.391521927
0.122515225,0.000378675,Oahu,Kawela,0.316440805,0.373877488,0.399502573,0.368760382,0.348163049,0.326837579,0.392521347,0.388834584,0.359847406,0.390245634,0.33313317,0.358267551,0.395928399,0.322527985,0.339670881,0.395998732,0.339221871,0.391397087,0.380419583,0.339263154,0.37288038,0.334968305,0.384072968,0.411904734,0.350587426,0.351953291
0.108590943,0.000477705,Oahu,Sunset Beach,0.318328485,0.39574967,0.392474478,0.391427284,0.350051614,0.351597129,0.398179279,0.393390546,0.350915803,0.365894807,0.335994607,0.393803604,0.412454949,0.346155541,0.336162671,0.355832007,0.348224585,0.426662692,0.355940515,0.330033087,0.375334596,0.358471799,0.387572358,0.394555781,0.354608316,0.356059509
0.125844769,0.000823521,Oahu,Pupukea,0.518224014,0.598514132,0.608605073,0.611485887,0.591105119,0.572154525,0.571678996,0.562241247,0.589921187,0.578564753,0.569429457,0.591752128,0.59709387,0.574642933,0.550530478,0.574130576,0.566686436,0.624678941,0.570732368,0.550340617,0.603560881,0.558390616,0.574428206,0.555102685,0.554559805,0.556013237
0.156315145,0.000609518,Oahu,Waimea,0.339160623,0.448734385,0.478091231,0.472643539,0.450379783,0.409855521,0.421288304,0.426498207,0.402213544,0.451045272,0.427828716,0.440705751,0.4718805,0.435041705,0.439437374,0.439769199,0.47234974,0.506033072,0.443603618,0.425564114,0.430829279,0.446066227,0.471841397,0.443468094,0.423773168,0.42715767
0.167597307,0.000876875,Oahu,Haleiwa,0.356313016,0.484852586,0.481414909,0.471143542,0.460003572,0.430680652,0.427788615,0.443314959,0.380202741,0.474949974,0.419618626,0.45361329,0.510052257,0.502308669,0.483602435,0.459047617,0.516865907,0.531559966,0.493264191,0.450998638,0.44926234,0.479971399,0.520436594,0.547535918,0.449152097,0.45286566
0.060427624,0.000133415,Oahu,Haleiwa North,0.362902895,0.538914993,0.569433174,0.523518892,0.495309044,0.454531598,0.494170173,0.499498845,0.442375228,0.491428317,0.432009865,0.471052745,0.551023224,0.539758118,0.539121894,0.511500386,0.55055349,0.54127446,0.515450185,0.47617621,0.488231429,0.506638116,0.566616699,0.625072965,0.487462518,0.492444903
0.18650884,0.00102192,Oahu,Waialua,0.294636811,0.449709948,0.44846862,0.441093824,0.42660798,0.384709564,0.382858131,0.382855226,0.321856914,0.412823099,0.356734472,0.406776592,0.45769775,0.454161184,0.428546661,0.420286355,0.457751548,0.479124187,0.432674194,0.395928892,0.398191332,0.443620976,0.457512329,0.531614756,0.402649654,0.406970167
0.070942107,0.000214143,Oahu,Mokuleia,0.252063204,0.350159652,0.379166776,0.356516164,0.343141381,0.283980985,0.293089821,0.317353275,0.23566685,0.305959793,0.277823337,0.316084459,0.392351455,0.347968859,0.316083623,0.361900925,0.400931057,0.408316289,0.310735178,0.311012473,0.349039243,0.379149611,0.369664618,0.436137814,0.323771874,0.32664022
0.06660094,0.000344842,Oahu,Kunia Camp,0.49080791,0.518277258,0.500234435,0.536720063,0.517521865,0.393878472,0.43018276,0.488010879,0.415143452,0.464993154,0.396695639,0.437989823,0.475793298,0.463306289,0.468880973,0.477996461,0.48617775,0.482254775,0.482080951,0.468631782,0.459905044,0.483769773,0.512879883,0.534558532,0.455467649,0.454054038
0.077800775,0.000404067,Oahu,Kunia Loa/Farmlands,0.402889892,0.472314406,0.539311962,0.457112195,0.480811214,0.395434142,0.482460315,0.464107198,0.405897672,0.510218696,0.394045503,0.455688647,0.487449672,0.46937387,0.483041765,0.477286184,0.484484307,0.457743709,0.471383404,0.464219044,0.453629108,0.497336654,0.510880544,0.516121149,0.44932965,0.45118724
0.086730991,0.000453637,Kauai,Kokee,0.553968276,0.587900079,0.55748043,0.608176263,0.60562138,0.625052346,0.555788752,0.530222166,0.590550486,0.573171909,0.622661653,0.562707986,0.539416058,0.593740328,0.657922872,0.612179887,0.603614573,0.601812016,0.566431721,0.594431242,0.640814969,0.625848003,0.625533109,0.657739079,0.571711423,0.572421149
0.107836352,0.000574423,Molokai,Kepuhi/Kaluakoi,0.254501426,0.441914088,0.561138582,0.485048266,0.490214209,0.44404345,0.472396926,0.42728204,0.33806454,0.485554927,0.333363623,0.376503851,0.451233788,0.392734179,0.333681498,0.390457491,0.474826837,0.416655548,0.374922458,0.326080188,0.304284477,0.373432337,0.365383741,0.338251507,0.386078799,0.391341894
0.087648296,0.000282926,Molokai,Kaluakoi,0.181882718,0.326457525,0.457975671,0.390152727,0.388257658,0.350157415,0.366614624,0.343044726,0.261955801,0.381058228,0.263783771,0.293557825,0.360518215,0.295544323,0.22995349,0.290068893,0.361839463,0.307564642,0.275315053,0.24959506,0.246888999,0.285382807,0.295009173,0.26139811,0.298559077,0.303226131
0.066315792,0.000340318,Molokai,MaunaLoa,0.254422762,0.46818015,0.58235885,0.510470534,0.469291422,0.433396899,0.459935084,0.453243188,0.346601698,0.416103008,0.294388062,0.426054945,0.515554851,0.445742924,0.36998475,0.414879663,0.461146909,0.405444169,0.358059574,0.317451687,0.335906311,0.46145756,0.469060162,0.44547382,0.404584359,0.410590823
0.244453251,0.002374269,Molokai,Hoolehua,0.356036034,0.555543913,0.655775204,0.591299474,0.563321925,0.49411362,0.536591353,0.536475236,0.477045033,0.473249707,0.397448735,0.521469586,0.628693423,0.590439257,0.492547554,0.565608138,0.619945627,0.581198972,0.509308715,0.46606039,0.464435992,0.570846372,0.498503556,0.547361723,0.507732782,0.513800651
0.086742186,0.000471356,Molokai,Naiwa,0.573506288,0.6423026,0.692488982,0.689417307,0.69072714,0.651367125,0.654588483,0.658162152,0.641577946,0.575320721,0.579535679,0.62123893,0.706269609,0.701256632,0.66011893,0.697815906,0.713240829,0.697285882,0.659561756,0.663371028,0.622312765,0.655521014,0.654801041,0.664911992,0.63066803,0.632954499
0.096799247,0.000473695,Molokai,Kalamaula,0.20693444,0.362865329,0.440379394,0.417469206,0.425171821,0.327744426,0.356418795,0.343037413,0.26849436,0.317536378,0.239615989,0.26569333,0.383889564,0.342487651,0.265370024,0.317719136,0.374319915,0.333247975,0.283721802,0.263944621,0.267506797,0.377260765,0.297175175,0.367919226,0.313836941,0.318113041
0.152768687,0.000816018,Molokai,Kaunakakai,0.169154433,0.329929358,0.375137184,0.37235037,0.377828776,0.303133943,0.315375955,0.316620936,0.233659558,0.275239217,0.209934187,0.222838828,0.35412975,0.303041415,0.227226853,0.305962959,0.351145987,0.314978099,0.264194906,0.265882777,0.256899046,0.357997485,0.301274632,0.325651701,0.285183534,0.289824698
0.132101382,0.000740555,Molokai,Kawela,0.228012544,0.379656902,0.419348732,0.405290067,0.405840473,0.34780277,0.363933047,0.345264069,0.28567759,0.343538899,0.255809061,0.246926164,0.361044458,0.333203613,0.245186811,0.33136451,0.394717627,0.337279363,0.299673749,0.309558146,0.304956385,0.359459667,0.31924761,0.334795533,0.318303512,0.32191515
0.059118151,0.000188415,Molokai,South Kamalo,0.447065182,0.532442434,0.58726862,0.58836559,0.542487728,0.533659322,0.531502086,0.470232987,0.475789229,0.45926661,0.460394197,0.454715873,0.505014864,0.446507565,0.414584755,0.502472079,0.532664685,0.533446138,0.5088568,0.518347559,0.508567404,0.47904731,0.435722577,0.521276631,0.479587929,0.480888839
0.200095443,0.000684058,Molokai,South Kamalo/Ulapue,0.264706359,0.314179115,0.402963774,0.402272156,0.353106208,0.344753029,0.378711457,0.296418677,0.312811573,0.285037502,0.297003118,0.291833012,0.37651158,0.303866114,0.263006932,0.39369447,0.371805244,0.417187246,0.380496395,0.293863248,0.37095024,0.332922403,0.279826655,0.395635346,0.324942474,0.327351919
0.127495487,0.000388692,Molokai,South Kamalo/Pauwalu,0.13690236,0.183957229,0.26635149,0.240981221,0.244813628,0.200654088,0.211631961,0.187951999,0.238307228,0.230698559,0.203461755,0.189350091,0.294720926,0.243423043,0.186373029,0.30989194,0.269118379,0.33900092,0.269238984,0.170806987,0.244353473,0.21279621,0.205782893,0.315103933,0.223826893,0.227303874
0.106859009,0.000781798,Lanai,Lanai City,0.328898473,0.524173515,0.533476988,0.487001198,0.477021518,0.460478736,0.45082944,0.470041595,0.344310505,0.450366209,0.384010293,0.43363395,0.546746452,0.53335407,0.477800739,0.520378133,0.537677253,0.484887448,0.473093112,0.420161052,0.473067982,0.507671307,0.515676452,0.547340644,0.455283883,0.460339299
0.06272116,0.000179306,Lanai,Manele,0.251803996,0.406311317,0.398276018,0.383482221,0.376895531,0.344457703,0.318172776,0.362638073,0.260817909,0.350590214,0.315637035,0.257157906,0.40676647,0.313402064,0.267460386,0.394741327,0.401246695,0.343674746,0.371795811,0.298933222,0.333745541,0.383455421,0.378023224,0.406166308,0.333026077,0.33627496
0.184954767,0.000900646,Maui,Honokohua,0.500349815,0.549056927,0.595188754,0.557998003,0.550871764,0.523676392,0.54968649,0.550461277,0.545164019,0.527224279,0.513141396,0.540121558,0.55043024,0.593267162,0.561801578,0.604743055,0.58628368,0.632853555,0.596708064,0.571911927,0.57725793,0.582592593,0.561720785,0.626273128,0.541951375,0.543615437
0.071200297,0.000218285,Maui,Napili,0.420650323,0.483209553,0.501281586,0.488767545,0.490450228,0.466668166,0.470223584,0.472564391,0.431460049,0.444251032,0.42483408,0.458966153,0.493169677,0.531473776,0.485957411,0.496768927,0.516095751,0.531433151,0.495804276,0.479628994,0.452369658,0.463290521,0.45894177,0.505020693,0.458531252,0.460046489
0.07284765,0.000286907,Maui,Kahana,0.413150816,0.496890182,0.502864924,0.505223427,0.479986981,0.480044225,0.455447071,0.475740699,0.403693765,0.414360668,0.395730472,0.441469178,0.498169767,0.503179801,0.466716988,0.488585206,0.510554273,0.485407895,0.446236311,0.439423172,0.412988888,0.424008147,0.435949346,0.483341277,0.442366539,0.443535168
0.106589219,0.00039627,Maui,Honokawai,0.348361728,0.483862333,0.471967907,0.42812518,0.406881965,0.364403816,0.401966584,0.394626172,0.345204592,0.362587792,0.319468584,0.355478631,0.479071701,0.426229751,0.389584802,0.446821375,0.482532238,0.409716505,0.372213744,0.36372026,0.363837601,0.394351866,0.373524593,0.393087502,0.383105089,0.384494823
0.099831094,0.00053586,Maui,Kaanapali,0.345917154,0.462343142,0.466242821,0.447472571,0.440880159,0.392031217,0.433852393,0.42941432,0.372938552,0.372928161,0.365266083,0.369599846,0.489685214,0.435255716,0.419787748,0.474371536,0.492837985,0.440234414,0.408720826,0.398490805,0.40754204,0.44644237,0.412894559,0.474545969,0.407987824,0.410470651
0.103824427,0.000431279,Maui,Wahikuli,0.246946353,0.406641158,0.415766906,0.380561663,0.368551242,0.306846281,0.332168373,0.335508889,0.236890639,0.279425601,0.234794393,0.240101561,0.38051751,0.317763134,0.285730217,0.366963708,0.388825226,0.320119015,0.293576011,0.272532798,0.300375291,0.309292457,0.261106592,0.291472346,0.302899095,0.305137204
0.184077763,0.001020941,Maui,Lahaina,0.240272999,0.427431602,0.424899817,0.387173211,0.386485373,0.300699826,0.366917642,0.380140759,0.264112985,0.310699724,0.265539297,0.250153364,0.37877327,0.325323584,0.296973881,0.388063461,0.409239269,0.31765573,0.289669518,0.305827922,0.315945466,0.328373545,0.28897689,0.324574017,0.318956926,0.322104283
0.102592728,0.000673953,Maui,Launiupoko,0.190670839,0.3894112,0.393415922,0.387969068,0.383049539,0.276048615,0.318713139,0.368412129,0.241777047,0.305461093,0.253579858,0.246120717,0.378350221,0.339983743,0.287159934,0.400291176,0.410529543,0.335572861,0.312877274,0.323706557,0.323884836,0.357121538,0.343809904,0.39642861,0.318573814,0.323689933
0.056398961,0.000188461,Maui,Olowalu,0.240783993,0.363155514,0.365443146,0.382346772,0.359589362,0.278498607,0.30564236,0.382531545,0.248474761,0.303485638,0.251322337,0.248525648,0.360595679,0.310991092,0.274846872,0.401500263,0.363586169,0.311240088,0.302283127,0.293140635,0.29632245,0.333136985,0.327526755,0.387650298,0.307704804,0.310381636
0.051021405,9.32E-05,Maui,Maalaea,0.32548703,0.393423694,0.441104765,0.380384803,0.403886138,0.323457809,0.344063949,0.357840637,0.330164069,0.352307875,0.323247285,0.319345779,0.399834904,0.400115135,0.245480218,0.347678371,0.346226357,0.265777531,0.249643687,0.258771428,0.241679614,0.318695261,0.276313969,0.304471216,0.317976061,0.317675622
0.327918857,0.002807569,Maui,Kihei,0.323679168,0.423228614,0.458391293,0.400645933,0.416256027,0.38902801,0.40221005,0.407767049,0.318525542,0.371092428,0.322932588,0.333588501,0.411091638,0.380474488,0.327833078,0.462400662,0.426134186,0.363105923,0.355589205,0.350492016,0.354712223,0.390410162,0.379492998,0.430569518,0.367986052,0.369758327
0.164380746,0.000525616,Maui,Makena,0.310016805,0.401406078,0.46305966,0.401094436,0.433805311,0.364560846,0.412118228,0.427919294,0.326076598,0.363122561,0.349296163,0.335654432,0.465012518,0.389477564,0.356106789,0.482937979,0.501904636,0.440742798,0.384077654,0.386469528,0.430640427,0.438929761,0.437469433,0.564655357,0.394662194,0.39804801
0.039455647,9.74E-05,Maui,Ulupalakua,0.372048298,0.508724092,0.602287754,0.494050062,0.49374927,0.489850992,0.482071575,0.467175546,0.347863497,0.450493547,0.351052221,0.391238082,0.597387417,0.586461215,0.430785305,0.589744126,0.575187874,0.472880454,0.406164372,0.433804115,0.453759068,0.491281649,0.469486243,0.51446801,0.458880591,0.462353883
0.052688901,0.000172198,Maui,Kanaio,0.420315145,0.501595405,0.581955348,0.504076387,0.502716994,0.502808122,0.517363096,0.524522916,0.368687858,0.461509632,0.377338354,0.455707238,0.574192499,0.605045665,0.480021303,0.540270165,0.599281041,0.501027236,0.478017748,0.442803321,0.509075479,0.515334638,0.536728031,0.538501011,0.481555785,0.484005411
0.091502014,0.000391505,Maui,Kipahulu,0.355277901,0.42986214,0.485971373,0.447115626,0.39638241,0.403669617,0.429234441,0.382374542,0.406148025,0.358250339,0.436002932,0.401264258,0.557870186,0.378513047,0.394292068,0.514230546,0.516204898,0.513881897,0.477096087,0.40781514,0.44535169,0.449905068,0.409694607,0.424519184,0.416837121,0.41929949
0.08774033,0.000297743,Maui,Koali,0.163652777,0.259086019,0.335852658,0.327160998,0.23767423,0.247448437,0.262862132,0.259792084,0.247881461,0.198729393,0.310429462,0.236192951,0.413072345,0.30513165,0.272942346,0.324187333,0.330762151,0.34780768,0.246292488,0.234981067,0.287377275,0.279768135,0.260102459,0.394516887,0.271348177,0.275655993
0.097020301,0.000408966,Maui,Makaalae,0.17717467,0.293369224,0.323564295,0.305622297,0.241023318,0.262556479,0.235775472,0.232794823,0.258986041,0.213726259,0.295964187,0.223064078,0.412513073,0.298378427,0.278125299,0.368109739,0.320055999,0.364831406,0.279787334,0.225757477,0.2756359,0.27555237,0.317259132,0.420226085,0.275994135,0.279946914
0.061451117,0.00012828,Maui,Hamoa,0.156399065,0.226570352,0.234655325,0.219124562,0.192297008,0.208974192,0.19999641,0.160011359,0.199550753,0.175549827,0.234106195,0.16497443,0.298929769,0.240715921,0.233097739,0.301642085,0.254622308,0.301258408,0.252750233,0.202284222,0.216350224,0.187315369,0.260165721,0.274536322,0.215835112,0.218212554
0.158251688,0.00078865,Maui,Hana,0.273191412,0.336697936,0.340469039,0.300040853,0.252134027,0.299817064,0.32311042,0.231999963,0.363449274,0.300303932,0.348563423,0.225443038,0.406974273,0.319896043,0.34294683,0.436622514,0.284847624,0.427028604,0.313027563,0.345141109,0.342264266,0.319735168,0.312030342,0.406594578,0.314093172,0.315729242
0.118281782,0.000687199,Maui,Kaeleku,0.382928713,0.436333187,0.492876907,0.395864224,0.382943943,0.365228749,0.396945891,0.338023998,0.446209381,0.382696917,0.447554793,0.316454138,0.494017916,0.406691642,0.447012395,0.534431799,0.367587853,0.545417059,0.447043428,0.418083491,0.417399815,0.451199771,0.396154396,0.580680488,0.411591236,0.412737737
0.13716004,0.000390394,Maui,Upper Nahiku,0.439750281,0.514588996,0.574910145,0.437873762,0.4421608,0.396012139,0.43778704,0.402431923,0.439056942,0.445838269,0.452693448,0.394788592,0.497461215,0.433287244,0.436231928,0.527423931,0.402667145,0.554116159,0.479277278,0.437957988,0.453937434,0.521871953,0.484900845,0.580032942,0.447482336,0.447791618
0.064427907,0.000260433,Maui,Nahiku,0.451249376,0.518809235,0.582442928,0.487596848,0.486159842,0.423592369,0.473908739,0.453192947,0.458467453,0.449709105,0.471811988,0.430137707,0.524505721,0.466464158,0.465010938,0.532474557,0.467999423,0.583035908,0.522727843,0.513000245,0.48909189,0.518463287,0.475753211,0.543393001,0.471559949,0.472372372
0.059904264,0.000210171,Maui,Wailua,0.488867727,0.581563125,0.65596085,0.593966761,0.601907275,0.544793004,0.596483879,0.527848449,0.591979417,0.538489624,0.604445483,0.587380789,0.648814476,0.538438432,0.513089382,0.651489835,0.592241124,0.649223342,0.664810379,0.589028271,0.617542163,0.618404029,0.590098638,0.665899359,0.570110633,0.573360349
0.038547398,8.75E-05,Hawaii,Puu Waawaa,0.352887463,0.399079487,0.474470483,0.480858508,0.421089417,0.411512991,0.342286812,0.34313985,0.326131685,0.367508286,0.292677354,0.379131125,0.421669616,0.438508867,0.421069357,0.432806272,0.471600172,0.492177086,0.506989035,0.436815633,0.422609106,0.443752887,0.460012347,0.45220993,0.399639751,0.401509842
0.143359775,0.001176751,Hawaii,Kohala Estates/Kohala by the sea,0.197880339,0.307712933,0.404617711,0.352483533,0.288429116,0.254654855,0.298724217,0.274018373,0.243229524,0.260187373,0.223268117,0.249241406,0.354165092,0.321788423,0.284672772,0.364556048,0.340929678,0.36785141,0.325680465,0.30013818,0.294525995,0.35525275,0.316080953,0.329227858,0.292372685,0.296152379
0.081160168,0.000409688,Hawaii,Kohala Ranch,0.25852034,0.398664311,0.489538591,0.400281313,0.337058906,0.3225558,0.345531105,0.336555588,0.274249693,0.293766014,0.272097048,0.291054596,0.453504667,0.397560186,0.352165436,0.436083056,0.441847696,0.472417321,0.396392059,0.369806207,0.337268266,0.430054777,0.398368208,0.403559111,0.356356012,0.360269439
0.062282479,0.000220281,Hawaii,Kawaihae Makai,0.179270405,0.311985237,0.350665039,0.323749366,0.255119002,0.218694512,0.235058254,0.225713786,0.178207844,0.228893611,0.160646256,0.222608464,0.282033622,0.258780647,0.204953958,0.287382033,0.274067642,0.223202466,0.235142454,0.23284895,0.23956131,0.291536273,0.249603052,0.264533951,0.237370325,0.239694322
0.125454903,0.000706223,Hawaii,Hapuna/Mauna Kea,0.279804661,0.361510444,0.39482198,0.377211939,0.323245485,0.29557498,0.317633353,0.30610771,0.281271027,0.299902716,0.286517321,0.31278471,0.362020835,0.342468829,0.308298566,0.364578264,0.35788425,0.336345077,0.327953086,0.312350157,0.325224179,0.390306482,0.344900838,0.372749478,0.319258655,0.320836814
0.210652747,0.001579413,Hawaii,Kawaihae Road Subdivisions,0.304331625,0.43189879,0.478777296,0.398451786,0.366579743,0.329178391,0.344662238,0.334625812,0.282514409,0.325099462,0.284374395,0.317248719,0.462661268,0.446656884,0.346199568,0.420693133,0.44978401,0.390474307,0.398003523,0.361246731,0.358816561,0.423204241,0.408764712,0.403101975,0.362693983,0.365028477
0.308023344,0.003802163,Hawaii,Waimea,0.483448664,0.590078713,0.581201625,0.547424049,0.539629037,0.458112555,0.475845724,0.499790626,0.470937421,0.478988935,0.492603661,0.486507099,0.594298161,0.592120051,0.55255688,0.553984982,0.604240078,0.556996105,0.53284199,0.505309452,0.501976576,0.552941235,0.581231722,0.578315153,0.51245522,0.513615482
0.058268094,0.000188513,Hawaii,Waikokoe Road homes,0.659424993,0.610814985,0.59680526,0.591453228,0.598092103,0.573008168,0.575115017,0.578488424,0.579078512,0.588126125,0.597118556,0.578095125,0.613019874,0.631086891,0.620490768,0.598837873,0.60891289,0.589625605,0.598109729,0.604178438,0.59340823,0.599781265,0.634229981,0.679619831,0.579876875,0.57669495
0.052579272,0.000112614,Hawaii,Wailea Bay,0.192092923,0.304211029,0.335861835,0.297299607,0.258489593,0.222775809,0.24915338,0.238434264,0.201189242,0.228086041,0.198355407,0.228309908,0.286480058,0.276086636,0.242165039,0.301214597,0.297779635,0.261688226,0.255204002,0.229152257,0.258339481,0.355554116,0.305079907,0.323894926,0.253875917,0.256347236
0.116830825,0.000390076,Hawaii,Puako,0.369096704,0.442576796,0.515964316,0.475673353,0.438301062,0.382650457,0.383166183,0.371034741,0.330209171,0.352962455,0.335507081,0.354577119,0.420110125,0.415771308,0.3810242,0.450217833,0.428758185,0.409893639,0.397626104,0.38192139,0.397310979,0.471461609,0.457459827,0.490456566,0.394149248,0.39515135
0.131685904,0.000674688,Hawaii,Mauna Lani,0.297031848,0.310777313,0.350312646,0.33909463,0.321277645,0.317960036,0.339162247,0.332503429,0.319242307,0.319436619,0.327404226,0.33900882,0.356573746,0.346717508,0.347401682,0.379421165,0.363892535,0.375839132,0.364284428,0.354015044,0.355957695,0.378855743,0.37096217,0.388814325,0.331837877,0.333230119
0.099126641,0.000421128,Hawaii,Waikoloa,0.287931381,0.294541752,0.329529211,0.31264784,0.29994424,0.287012968,0.318966312,0.314856043,0.297819887,0.307891486,0.317311347,0.338886021,0.343243879,0.3350927,0.347503661,0.355233432,0.354173171,0.366988797,0.344418673,0.32829989,0.332721323,0.345397742,0.341470065,0.373493983,0.315015032,0.316098378
0.138176023,0.001345182,Hawaii,Waikoloa Village,0.23946927,0.366104227,0.409320345,0.363363224,0.342783934,0.278855527,0.278825997,0.278126495,0.245856047,0.289201664,0.211530103,0.221878336,0.357259485,0.349130042,0.287214831,0.322477451,0.349615412,0.317968445,0.294230817,0.274478362,0.28434043,0.356784825,0.322381782,0.321779019,0.294519043,0.296721034
0.11003561,0.000603352,Hawaii,Waikii,0.370649648,0.524289132,0.583159836,0.54404391,0.474054319,0.384045966,0.436495978,0.47239105,0.328518209,0.500351613,0.370231774,0.491218956,0.627785345,0.530126022,0.470607998,0.53684674,0.587449033,0.642375486,0.627803833,0.525130616,0.494977438,0.608529256,0.482036201,0.537620655,0.48602956,0.490644757
0.085688206,0.00055181,Hawaii,Puu Anahulu,0.360590243,0.424542716,0.539754408,0.518270492,0.438810366,0.405568777,0.349225053,0.355219978,0.324050659,0.391452179,0.308825725,0.380107118,0.455653228,0.466397018,0.456744784,0.468083746,0.515439777,0.536983919,0.526831676,0.476699236,0.440253719,0.490578054,0.455602102,0.497373417,0.423322336,0.425831619
0.155729077,0.00095147,Hawaii,Hualalai/Kukio,0.089016154,0.125942713,0.198742461,0.192613299,0.196980761,0.21035969,0.211128535,0.221795721,0.205217277,0.218105007,0.219958871,0.241634603,0.266732257,0.253476928,0.249883896,0.280859464,0.26197553,0.306987408,0.266245807,0.259349502,0.269226405,0.286037707,0.285232372,0.305755738,0.224930324,0.230366891
0.244304381,0.002145151,Hawaii,Kalaoa,0.258119996,0.31957201,0.355837693,0.342596223,0.315553678,0.324585556,0.256267119,0.318376422,0.248816679,0.305090871,0.231620095,0.287578433,0.354768856,0.338746922,0.332406657,0.345914095,0.368823954,0.386036866,0.370072029,0.362382601,0.376569434,0.379711223,0.404950039,0.4594282,0.321753026,0.324298347
0.239271778,0.001542965,Hawaii,Kaloko,0.374028989,0.404981399,0.458944475,0.428071316,0.445325578,0.396564206,0.33907958,0.415406253,0.344638328,0.380239404,0.342647515,0.385729514,0.442860955,0.449502309,0.406596563,0.444137466,0.452736819,0.478456434,0.461014242,0.473330794,0.468925625,0.484414586,0.496343038,0.562143614,0.41344476,0.415021391
0.240061312,0.002082953,Hawaii,Holualoa,0.401822649,0.456353208,0.48077835,0.471335741,0.484044317,0.460594753,0.417930951,0.460462038,0.378831746,0.461080601,0.377145132,0.42644869,0.50084306,0.480104275,0.447916225,0.468988398,0.516417382,0.550755236,0.517832052,0.519396631,0.532664579,0.56262763,0.562951399,0.651836807,0.463566474,0.466036227
0.427144126,0.003978015,Hawaii,Kailua-Kona,0.340837057,0.404166679,0.419093396,0.424174273,0.415089932,0.414041253,0.371840613,0.387477644,0.316317171,0.401176085,0.308427548,0.365999428,0.439753212,0.424052451,0.390841144,0.428929719,0.460032533,0.497771249,0.470466471,0.452248125,0.444192481,0.494923261,0.501725705,0.551277969,0.404994216,0.407560502
0.188793189,0.001414499,Hawaii,Keauhou,0.477688923,0.539312826,0.576614299,0.575799659,0.533442823,0.528107594,0.522426109,0.515888065,0.444525165,0.531756971,0.458649978,0.518902122,0.578349284,0.55677258,0.534060313,0.563082924,0.569756403,0.621722882,0.571956101,0.586322775,0.570020463,0.605389526,0.617860962,0.653153417,0.530062487,0.532157429
0.117310592,0.000500165,Hawaii,Kainaliu,0.451335025,0.532178558,0.597932519,0.581962222,0.537319876,0.547265102,0.49603402,0.496087493,0.443428715,0.546525519,0.459223588,0.516291307,0.568839566,0.559482961,0.537429378,0.561695911,0.562754346,0.605387687,0.564581188,0.592982396,0.562218851,0.611399029,0.625954849,0.641207787,0.527980716,0.531046543
0.15657078,0.000901182,Hawaii,Kealakekua,0.398438571,0.478247168,0.526431403,0.530153454,0.501184817,0.489550461,0.446830344,0.462169685,0.395884755,0.494797925,0.41797708,0.463956901,0.515902999,0.520895714,0.494613491,0.517032388,0.503021777,0.555914926,0.531383516,0.524982397,0.512160058,0.571229661,0.587576884,0.610623695,0.482038403,0.485382396
0.235113193,0.002404623,Hawaii,Captain Cook,0.422457939,0.494805152,0.552578885,0.554276006,0.533591292,0.510878325,0.474149809,0.477437513,0.410161831,0.509170886,0.41084184,0.472364433,0.519885473,0.548441461,0.529498238,0.550399117,0.528206034,0.589431465,0.56342605,0.547626074,0.544595031,0.586169719,0.59014625,0.624374104,0.501796517,0.50497006
0.122345073,0.000927651,Hawaii,Honaunau,0.458932874,0.545937787,0.605720645,0.586915943,0.54176572,0.565881142,0.511688186,0.515332027,0.429403012,0.528004708,0.436087899,0.506485317,0.572804835,0.591371492,0.575230319,0.572245628,0.574021773,0.626729005,0.573087638,0.587533946,0.577667566,0.604461408,0.599813249,0.654829223,0.533678054,0.536667861
0.128711905,0.000754496,Hawaii,Honaunau/Papa,0.436654426,0.54148291,0.569658214,0.582443433,0.509332183,0.55199363,0.496155292,0.521737287,0.399384205,0.510989336,0.407840022,0.523649389,0.580197109,0.578440214,0.572019749,0.581362152,0.599306053,0.654329892,0.60249976,0.590270086,0.586942868,0.60281186,0.613177261,0.667912618,0.531223598,0.535006365
0.243780439,0.001795527,Hawaii,Honaunau/Papa South,0.324997372,0.396356358,0.409105181,0.429988219,0.388508349,0.400172094,0.346055033,0.396090528,0.304343321,0.36077485,0.320326251,0.364370561,0.39460106,0.415770802,0.418214824,0.425913973,0.45492453,0.504405987,0.461595768,0.444972971,0.445482746,0.495050165,0.51209442,0.57525515,0.399574821,0.402557919
0.138860647,0.000835345,Hawaii,Milolii,0.23770625,0.282688368,0.316409513,0.320339723,0.324829633,0.316272558,0.239180431,0.327808536,0.216556064,0.249019622,0.239912979,0.274919483,0.316679787,0.31862355,0.322741175,0.296266822,0.343260904,0.39886736,0.380113017,0.331073916,0.339432607,0.416497387,0.439271959,0.514244391,0.310508641,0.313420737
0.201624335,0.001073077,Hawaii,Honomalino,0.263547231,0.315284307,0.365462057,0.362275073,0.354467429,0.349672301,0.281479341,0.345753695,0.242232405,0.283222402,0.258062715,0.298245333,0.362849625,0.358195375,0.351825597,0.335360946,0.370120834,0.430100343,0.421435042,0.365088172,0.366691139,0.441089753,0.451740655,0.51856176,0.339710541,0.342757074
0.32768339,0.004142745,Hawaii,Hawaiian Ocean View Estates,0.252828472,0.257890991,0.281466896,0.28597839,0.288371037,0.26439307,0.244937298,0.248075822,0.22573804,0.233113821,0.253150556,0.239630116,0.293651283,0.30054205,0.299967385,0.289928628,0.287128891,0.318656618,0.304191752,0.310937357,0.32479395,0.340010031,0.365860984,0.389560053,0.27603214,0.276960286
0.257022855,0.002080427,Hawaii,Rancho Estates,0.155451181,0.168939153,0.187890972,0.182812074,0.191686405,0.172687457,0.153854304,0.160117591,0.14284794,0.15284131,0.155289298,0.14928156,0.190013846,0.203140445,0.200642646,0.18829051,0.189088769,0.209067809,0.206630059,0.209801896,0.21703739,0.221751201,0.242594524,0.242540383,0.179771949,0.18074478
0.163809062,0.000774738,Hawaii,Kiolakaa,0.581997656,0.640952319,0.638136695,0.602668322,0.60468522,0.603498936,0.575919708,0.578496347,0.558881798,0.566064808,0.570590705,0.587926801,0.650112158,0.64014881,0.626359944,0.614507609,0.627211792,0.610702651,0.603847844,0.639706433,0.672058513,0.636107091,0.640378716,0.639710523,0.588426856,0.588684024
0.090753757,0.000394671,Hawaii,South Point Mauka,0.591599545,0.673755031,0.642377876,0.624136873,0.639045642,0.62383146,0.58562233,0.599080155,0.51746743,0.57035742,0.558077926,0.559839771,0.667024676,0.654475876,0.608471896,0.612382429,0.650133687,0.629071799,0.614866995,0.643018033,0.681507661,0.657785483,0.64518389,0.614986308,0.594564008,0.594682586
0.062894353,0.000133594,Hawaii,South Point Makai,0.514142408,0.685741443,0.649263082,0.593493801,0.65784591,0.60398003,0.566153701,0.596190978,0.407116011,0.491247794,0.494141422,0.502311312,0.667538941,0.645666324,0.571727682,0.568667155,0.66384315,0.597884589,0.626794664,0.622017475,0.598767221,0.633036666,0.621148573,0.549205581,0.565117036,0.567156022
0.153260163,0.001166514,Hawaii,Discovery Harbor,0.616477653,0.684906501,0.695174435,0.65709131,0.683192827,0.659193601,0.643607567,0.63809415,0.551097128,0.585302491,0.607702499,0.619152322,0.698166234,0.68757348,0.670360481,0.650600229,0.696723212,0.665472,0.680759829,0.673376897,0.692365874,0.678389375,0.672282977,0.642794504,0.629994303,0.630534969
0.161539651,0.001130811,Hawaii,Naalehu,0.561102765,0.651877337,0.678535897,0.623194267,0.631816585,0.623021295,0.611433463,0.587079388,0.49219826,0.572277452,0.582169322,0.609161678,0.684256906,0.654365557,0.634508978,0.631348789,0.687810935,0.661329821,0.66741671,0.64156161,0.668148121,0.651376842,0.668833121,0.621160426,0.603839421,0.605548887
0.035406255,8.20E-05,Hawaii,Punalulu,0.325064065,0.36397177,0.455109286,0.419028102,0.395299463,0.360589311,0.280823573,0.284764586,0.259682166,0.297213474,0.337026561,0.403674771,0.498781813,0.473439767,0.454048919,0.460417593,0.45094079,0.499625199,0.534742273,0.4425711,0.552242221,0.557455187,0.5939823,0.567136701,0.41070524,0.414130887
0.085875523,0.000565294,Hawaii,Pahala,0.624836101,0.648369439,0.672950088,0.702444704,0.653405263,0.661950542,0.624747064,0.651887724,0.606119844,0.603082878,0.610105816,0.650815,0.680304889,0.705468499,0.688692113,0.667729923,0.677407662,0.694480319,0.708343176,0.656761685,0.693202906,0.691725426,0.720089983,0.706567684,0.640059549,0.640668487
0.062215082,0.000288378,Hawaii,Wood Valley,0.581771721,0.611784885,0.651444428,0.656813902,0.630242692,0.637570824,0.552718095,0.577847614,0.571923372,0.570406201,0.616553775,0.610380704,0.667720336,0.682499165,0.706115546,0.684829562,0.594148544,0.58675569,0.639230899,0.636263009,0.673818171,0.697139898,0.733959557,0.719576783,0.611660615,0.612856171
0.115880901,0.000519013,Hawaii,Opihikau/Pohoiki,0.212347575,0.282126357,0.328658251,0.280483722,0.257664722,0.258356797,0.281496402,0.22833233,0.231750094,0.185214348,0.172434947,0.251207108,0.407302839,0.2845703,0.312691384,0.368060272,0.245620404,0.435319342,0.30418049,0.264507127,0.306963844,0.319658583,0.293321697,0.40822391,0.276819714,0.279398599
0.076039219,0.000404029,Hawaii,Blacksands Subdivisions,0.444839109,0.522907048,0.582359489,0.488230613,0.508687474,0.487670712,0.516935879,0.466130244,0.511561373,0.473645444,0.480133111,0.540680308,0.598019535,0.532227016,0.5284256,0.620672971,0.456739378,0.613128301,0.544352748,0.500328514,0.55667438,0.539612112,0.538705286,0.595789541,0.505938247,0.508382213
0.129308034,0.000791404,Hawaii,Kehena,0.213108756,0.30868076,0.382106436,0.309473831,0.309175659,0.267393128,0.290785313,0.243072717,0.269732672,0.262082055,0.244475734,0.295741333,0.416494745,0.319246018,0.355818671,0.419513756,0.238291067,0.399702065,0.341699844,0.306207411,0.31646939,0.328400684,0.340513296,0.510377677,0.307542521,0.311319871
0.074844992,0.000401126,Hawaii,N Kahoe Homestead Rd,0.528797182,0.60173899,0.624651909,0.540147749,0.577829386,0.556315049,0.560099219,0.532948861,0.574157203,0.50731279,0.505436454,0.591957636,0.620560429,0.554031245,0.550964142,0.606529444,0.542817094,0.569324198,0.503138747,0.549415104,0.564052931,0.547608122,0.478840084,0.529452812,0.532725071,0.532882187
0.397362277,0.002766216,Hawaii,Leilani Estates/Kaueleau,0.520321076,0.572786256,0.574724352,0.572710632,0.541708624,0.567624012,0.574424256,0.513320536,0.542589678,0.536550645,0.542884727,0.569578576,0.605105346,0.582024672,0.570127839,0.610412532,0.4740947,0.552867826,0.529972872,0.491998807,0.535251772,0.522759525,0.479321873,0.592556105,0.52702869,0.527296994
0.179824057,0.000755128,Hawaii,Leilani Estates/Pohoiki Rd,0.588824462,0.60971014,0.618537474,0.614074967,0.616121271,0.613365705,0.625352274,0.567226957,0.607082627,0.604553269,0.602540935,0.596137934,0.651630887,0.626395708,0.635433278,0.656252307,0.452538475,0.503074085,0.477879164,0.483391116,0.473320947,0.477288927,0.465215663,0.513342173,0.54717163,0.545505517
0.099817255,0.000547579,Hawaii,Railroad Ave/Papaya Farms Rd,0.631209317,0.598702518,0.646022281,0.628660072,0.622710491,0.627486104,0.638525287,0.617097104,0.620423124,0.598585594,0.588552711,0.608441191,0.652560479,0.654739494,0.657555273,0.674813881,0.593432029,0.65886105,0.6053179,0.59722644,0.58412112,0.570805384,0.56802798,0.62204869,0.594637021,0.593174129
0.080379115,0.000401006,Hawaii,Waa Waa,0.54986002,0.521618778,0.602614052,0.544790721,0.567903324,0.548700224,0.576284742,0.550111367,0.559463138,0.528576111,0.493418248,0.513467772,0.548074456,0.589389719,0.582793117,0.625340298,0.542282138,0.639892334,0.586990377,0.532974596,0.587401999,0.506171512,0.52806791,0.542751941,0.534757556,0.534153457
0.126052182,0.001053347,Hawaii,Nanawale,0.612650996,0.619126972,0.621073051,0.640022597,0.599897776,0.611452692,0.630538468,0.594819435,0.614415193,0.605028977,0.60356824,0.635534644,0.654027353,0.638344795,0.635410053,0.656011128,0.603997717,0.635526557,0.614490136,0.586531277,0.625281624,0.593306416,0.547130172,0.591204493,0.59077563,0.589900616
0.16082581,0.001480936,Hawaii,Pahoa,0.551890084,0.591064608,0.575734832,0.575981454,0.550055165,0.563452751,0.586451653,0.522778265,0.578602451,0.557457058,0.544398651,0.585157141,0.60140856,0.563597464,0.566209132,0.634066356,0.590501993,0.610068938,0.593490217,0.551872166,0.598258526,0.567142348,0.531007944,0.573238488,0.55055545,0.550502064
0.193014217,0.001527821,Hawaii,Hawaiian Beaches,0.574943045,0.570479125,0.596905325,0.589983245,0.567382938,0.58517287,0.587944255,0.541872663,0.592830215,0.587236642,0.592993471,0.585459266,0.625917701,0.626112565,0.617614289,0.667989847,0.609630575,0.67410206,0.637171973,0.598504405,0.661832416,0.607276318,0.593242798,0.596128784,0.579549072,0.579733313
0.108508329,0.00049322,Hawaii,Makuu,0.54183055,0.562216657,0.587255711,0.552932422,0.534708253,0.533074802,0.565342863,0.533211155,0.550981241,0.541170058,0.520241859,0.5632174,0.57972523,0.54394267,0.579897398,0.629731582,0.580183986,0.602181978,0.565284113,0.557353264,0.566664471,0.558844275,0.55475102,0.591928392,0.539866854,0.539788306
0.152473924,0.001340206,Hawaii,Ainaloa,0.505564052,0.540681138,0.561703944,0.530847889,0.515690585,0.527424685,0.538544834,0.506577848,0.526442655,0.516856043,0.503523812,0.549142217,0.567657937,0.538635203,0.557724876,0.602815824,0.563465062,0.575526626,0.548348838,0.546368344,0.545182753,0.5435933,0.533496492,0.560357219,0.520246887,0.5208342
0.278087346,0.004163954,Hawaii,Paradise Park,0.584930117,0.584543373,0.601762738,0.573306306,0.574690127,0.557089401,0.580378774,0.543743327,0.588921727,0.58980193,0.583634356,0.608246515,0.616730132,0.602588402,0.626073857,0.658255702,0.608907282,0.648387747,0.618753086,0.619420451,0.606349483,0.599564651,0.594212194,0.60409589,0.574975503,0.574577318
0.46961602,0.007570882,Hawaii,Kurtistown,0.54374091,0.584681112,0.589156628,0.570381193,0.562033847,0.568328276,0.57607634,0.548130571,0.583055101,0.554515429,0.557081545,0.592347719,0.597697801,0.592985046,0.589838187,0.629311741,0.582357711,0.610398672,0.599038312,0.577473325,0.580900433,0.589629693,0.572997783,0.613213121,0.55861482,0.559209776
0.453410856,0.008162406,Hawaii,Mountain View,0.532349205,0.574729036,0.583998813,0.551426034,0.547473716,0.555614266,0.555918293,0.542983899,0.547614151,0.516317257,0.547098885,0.57702774,0.583409717,0.549467299,0.584904,0.614886159,0.568324583,0.590546214,0.57100706,0.549402293,0.564278014,0.556035034,0.546158807,0.610417735,0.540855529,0.541195781
0.571980166,0.006172606,Hawaii,Glenwood,0.503509736,0.557602301,0.573029939,0.556231467,0.544935748,0.543513902,0.535416476,0.520670145,0.51777135,0.494766899,0.497874251,0.546040783,0.584334571,0.544473612,0.572250475,0.593678942,0.555078774,0.587993506,0.546295274,0.538432799,0.543309484,0.529596327,0.523226797,0.591438106,0.524058867,0.524880832
0.258878928,0.002446752,Hawaii,Volcano Village,0.510300607,0.555155165,0.569352995,0.528583699,0.524569266,0.555085735,0.534232451,0.501143861,0.525317318,0.475584953,0.51046605,0.55270121,0.566362122,0.535361603,0.556166414,0.580284609,0.522289392,0.575748798,0.55249293,0.52229673,0.58024548,0.551108782,0.566568133,0.571890849,0.520932366,0.521357636
0.104401545,0.00069518,Hawaii,Volcano CC,0.502084164,0.555732103,0.564810771,0.534940859,0.509724101,0.534126908,0.534878938,0.484729952,0.504716344,0.466394422,0.497455614,0.532073467,0.551863756,0.52522406,0.516089423,0.562656384,0.522589794,0.580277589,0.549986322,0.556437829,0.581905823,0.559902237,0.581991315,0.545580186,0.514246894,0.514733404
0.174268597,0.000825966,Hawaii,Keaau,0.653151973,0.6594951,0.668232218,0.672668972,0.67734423,0.654594579,0.658445607,0.670002642,0.673393467,0.658767194,0.64973373,0.668398095,0.683905598,0.681759523,0.669258622,0.689317336,0.652717258,0.704247236,0.683776854,0.649867538,0.645287854,0.666868341,0.64074445,0.676039037,0.640320698,0.639807447
0.808424704,0.011114234,Hawaii,Hilo,0.567482823,0.583103844,0.601584188,0.58566624,0.56659348,0.576041494,0.577731107,0.551982215,0.577681696,0.554973338,0.558389143,0.584383739,0.616635533,0.603362075,0.604303986,0.630907184,0.588163591,0.60907454,0.592252773,0.592716709,0.592101764,0.58184324,0.586701435,0.610928681,0.563784193,0.563636248
0.154359709,0.000848156,Hawaii,Wainaku/Kaiwiki Makai,0.491309059,0.511301233,0.582315039,0.56212486,0.522461687,0.578256654,0.539054259,0.463589403,0.566168307,0.456979109,0.540833333,0.520834811,0.636630236,0.608693606,0.550215081,0.671451514,0.481666593,0.620444899,0.566129048,0.566605502,0.628910498,0.579275841,0.590942609,0.62430816,0.538420054,0.540304493
0.123510722,0.000846242,Hawaii,Wainaku/Kaiwiki Mauka,0.604309051,0.596688622,0.660231609,0.620800615,0.619140326,0.646246336,0.648128611,0.594569139,0.640237421,0.594023673,0.596477376,0.652431407,0.677383276,0.676477393,0.646223503,0.688681403,0.606770333,0.694067219,0.638647995,0.639246005,0.654138146,0.658902745,0.644991014,0.694372491,0.615727428,0.616184163
0.217157665,0.001567665,Hawaii,Papaikou,0.51798664,0.552908454,0.619350775,0.593878354,0.551849315,0.60720898,0.604116558,0.478853716,0.599995243,0.524438206,0.602573959,0.589690502,0.659108158,0.587600089,0.568555168,0.680264212,0.536553991,0.686242296,0.589810003,0.595165049,0.648269349,0.625794739,0.604293665,0.645355748,0.570794527,0.572906842
0.139824353,0.001017815,Hawaii,Pepeekeo,0.525819304,0.521708059,0.583178887,0.523426575,0.527165229,0.598106738,0.565582155,0.431104866,0.565230475,0.564009775,0.574378704,0.552261789,0.625278817,0.514765176,0.524026074,0.641156187,0.467004073,0.642788134,0.598198286,0.557129087,0.600577199,0.609454928,0.598041893,0.629327747,0.541588806,0.542219586
0.201259446,0.001814238,Hawaii,Honomu,0.561919857,0.56051363,0.615631053,0.551023411,0.553498611,0.626090003,0.603005047,0.504215573,0.596249365,0.601390169,0.632283111,0.592717032,0.660323503,0.582738041,0.616076604,0.671892791,0.541097684,0.656516793,0.643386818,0.627286597,0.623641451,0.643539418,0.617888802,0.675781921,0.582348291,0.583165429
0.154686258,0.001183652,Hawaii,Hakalau,0.567676794,0.556431335,0.63610484,0.538490575,0.552896057,0.647405327,0.646314477,0.532661888,0.623931854,0.56900642,0.65046483,0.619851097,0.685392337,0.598275134,0.628570152,0.697663935,0.539778034,0.670110102,0.63891852,0.658209616,0.631463748,0.654816045,0.638290063,0.704727738,0.595498037,0.596610886
0.063957158,0.000257827,Hawaii,Kamaee Rd,0.625265395,0.610147689,0.68449155,0.630729983,0.581742234,0.670456394,0.675997703,0.604859917,0.65102694,0.611503706,0.6546265,0.670222999,0.717100529,0.640505631,0.659611156,0.718708134,0.615020087,0.704026396,0.67214754,0.678365713,0.66230056,0.702613765,0.680956464,0.739061483,0.634459539,0.634827304
0.099135237,0.000412581,Hawaii,Umauma,0.493567175,0.498277507,0.565569352,0.474778141,0.509595185,0.594593554,0.618274621,0.445561748,0.542737372,0.504414469,0.616189325,0.587703914,0.628850925,0.528088525,0.545004266,0.659414706,0.441687152,0.606063819,0.57644644,0.589151096,0.576716584,0.594090771,0.596456892,0.638452001,0.537267422,0.539015432
0.187748829,0.001160253,Hawaii,Ninole,0.554887936,0.533334143,0.605620803,0.554877004,0.52408051,0.59724629,0.60518967,0.473529512,0.528838938,0.533187984,0.60442149,0.588183915,0.621713382,0.562549873,0.574871259,0.667464612,0.514712073,0.618924418,0.599450665,0.636860693,0.611470216,0.629332113,0.625359414,0.676440477,0.561701896,0.561974454
0.19158629,0.001721405,Hawaii,Laupahoehoe,0.570283628,0.557151609,0.617695531,0.579293475,0.541213508,0.59175636,0.600520083,0.456596548,0.555259307,0.597649609,0.600191783,0.586494266,0.601770838,0.596934015,0.601419521,0.661992381,0.523605868,0.628852332,0.605777136,0.622018292,0.629903258,0.614398878,0.617397401,0.657955187,0.568645233,0.568579697
0.089736741,0.000372618,Hawaii,Waipunalei,0.585813709,0.580242405,0.613850411,0.601170966,0.58743975,0.580810705,0.613408306,0.427668731,0.560796975,0.615620992,0.611377814,0.597626958,0.579925401,0.627059487,0.597327443,0.656945054,0.548840855,0.649748006,0.582074076,0.62312043,0.649054624,0.631982211,0.632213964,0.668829923,0.576917968,0.576562138
0.069613849,0.000298271,Hawaii,Ookala,0.577344627,0.569214742,0.619187532,0.57435132,0.578441351,0.593674897,0.570950574,0.406741628,0.574047054,0.608676137,0.594831851,0.569781661,0.548469032,0.606876985,0.562591745,0.635243599,0.56319553,0.638657489,0.582108622,0.620443121,0.627768903,0.628244815,0.634131257,0.645297656,0.565210885,0.564725535
0.130498863,0.000834904,Hawaii,Paauilo,0.695354061,0.676786481,0.711651132,0.689958,0.646348277,0.669109641,0.660469059,0.578953428,0.673332302,0.684814907,0.67543085,0.630883281,0.688629998,0.707565565,0.647708132,0.678347732,0.644758534,0.681463391,0.650086301,0.666642879,0.651504135,0.663863291,0.700725472,0.73384099,0.644329114,0.642288116
0.272899478,0.002026153,Hawaii,Paauilo/Kaumoali Gulch,0.64744097,0.647789719,0.635726056,0.632616817,0.628852307,0.607623562,0.600243924,0.578345305,0.620327954,0.632251457,0.632662545,0.617333607,0.647649352,0.674928099,0.64911563,0.640975527,0.649291145,0.635207099,0.623394859,0.631824278,0.616619053,0.620177331,0.666140879,0.690063554,0.609064041,0.607528964
0.162103478,0.00093239,Hawaii,Kalopa,0.643915537,0.637153804,0.648336786,0.657126308,0.62785975,0.615788338,0.588217156,0.550547892,0.623941066,0.637934498,0.628162709,0.608178626,0.626322655,0.685902575,0.659755864,0.65131671,0.619684689,0.626061269,0.612451365,0.636123118,0.621851362,0.603766556,0.672513898,0.708137365,0.607641996,0.606191054
0.090025573,0.000412471,Hawaii,Paauhau,0.571596053,0.583095475,0.592900623,0.615681496,0.573019165,0.555107702,0.534390317,0.472314256,0.581728919,0.58923145,0.566973405,0.580349379,0.572835132,0.656302467,0.630670123,0.618356088,0.514603204,0.590945991,0.561774035,0.61606158,0.55464491,0.558392376,0.633856998,0.694871194,0.560788094,0.560355775
0.153828025,0.001331306,Hawaii,Ahualoa,0.629711024,0.62962316,0.636263803,0.64146952,0.63365952,0.60417523,0.588171806,0.566873793,0.638276551,0.62861086,0.635755008,0.632613582,0.642204135,0.657281305,0.655079475,0.653289049,0.630310661,0.649693082,0.629971953,0.638225152,0.617820129,0.630445233,0.669815253,0.713174887,0.610100567,0.609316149
0.185944372,0.001323305,Hawaii,Honokaa,0.613267545,0.606556585,0.638341008,0.629486027,0.600316014,0.589401208,0.563152052,0.499416849,0.627679202,0.625960336,0.610614899,0.611805788,0.618426686,0.685450985,0.662392334,0.642786493,0.554588871,0.645832462,0.608557848,0.642187049,0.591314934,0.607127864,0.648816134,0.711744118,0.593408932,0.592614587
0.075589633,0.000411206,Hawaii,Kapulena,0.628677961,0.586559316,0.675892851,0.609202717,0.58599288,0.613973883,0.575090273,0.493498014,0.646619466,0.588320476,0.583383748,0.622103445,0.625555423,0.672411402,0.661218153,0.654658437,0.549610059,0.683071338,0.623887848,0.66232569,0.617770154,0.638662149,0.649747992,0.728162157,0.599055833,0.597870948
0.093925883,0.000504841,Hawaii,Kukuihaele,0.566909778,0.51906401,0.598332105,0.546700571,0.518155551,0.536848886,0.491554145,0.446535848,0.560482179,0.520479413,0.506252835,0.52724558,0.589346334,0.626878685,0.587270963,0.579847363,0.473110548,0.597087033,0.545159421,0.573169364,0.525018503,0.540052429,0.580628605,0.672583908,0.529148562,0.527638114
0.230284454,0.001581546,Hawaii,Kapaau,0.673521791,0.675771856,0.679560223,0.681182496,0.650886882,0.628143295,0.620908169,0.618119285,0.645374579,0.61425994,0.661729743,0.675693119,0.695758446,0.734661222,0.689483366,0.703940426,0.678305379,0.713922091,0.700131362,0.687766631,0.672750535,0.678059608,0.687400995,0.716862312,0.64736775,0.646321588
0.297617793,0.002965138,Hawaii,Hawi,0.609176345,0.674609756,0.652949973,0.668031942,0.646182638,0.586763703,0.568212758,0.627280899,0.569669089,0.572922744,0.650288843,0.595561268,0.673340412,0.699754954,0.653890177,0.647615625,0.690352756,0.640704852,0.63789957,0.640086774,0.599071158,0.618711303,0.681054568,0.673351154,0.61109933,0.61117625
0.061975542,0.000240423,Maui,Kailua,0.646400425,0.661372106,0.709093715,0.668975612,0.656831224,0.601407888,0.662347021,0.601445577,0.67946431,0.635082937,0.670669198,0.614124734,0.69918048,0.62753661,0.597368707,0.735650057,0.60687355,0.695273786,0.698682761,0.665390144,0.671625906,0.732549665,0.676660164,0.741879893,0.638235459,0.63790886
0.133284315,0.000585662,Maui,Huelo,0.611093103,0.635120763,0.680504221,0.650263483,0.636181211,0.595649203,0.644600398,0.592306444,0.675144304,0.644632277,0.649196974,0.611726689,0.66169976,0.622219952,0.590028367,0.692354594,0.609399776,0.671740605,0.680871556,0.666193418,0.648411445,0.712197229,0.673558931,0.688258687,0.621734136,0.622159777
0.401097662,0.005173333,Maui,Haiku,0.649499872,0.659120053,0.675478661,0.677391363,0.667130795,0.657612584,0.638274878,0.623522399,0.67157254,0.667423437,0.675285049,0.658475776,0.685651734,0.686702271,0.682005857,0.698660525,0.668707042,0.684054559,0.680897821,0.678578085,0.661583042,0.671692915,0.688055463,0.696016651,0.644135735,0.643921169
0.120852744,0.00086226,Maui,Hailiimaile,0.619387435,0.618970667,0.600142194,0.658818614,0.589834433,0.629604369,0.560036206,0.582001769,0.55360626,0.609786146,0.596078319,0.608357665,0.640049159,0.654264415,0.635407908,0.595446523,0.622750041,0.567622507,0.578544411,0.565899153,0.513601097,0.552772067,0.604594256,0.596426085,0.574160068,0.572350973
0.101224459,0.000593943,Maui,Makawao,0.539313085,0.532628152,0.556062469,0.578931274,0.569853485,0.555641488,0.514169675,0.523949404,0.516535282,0.547876234,0.507216865,0.519856105,0.582835766,0.613225225,0.623655748,0.587132163,0.597265446,0.54401009,0.548721277,0.53241032,0.495137896,0.522745443,0.558103795,0.574870068,0.52968587,0.529300782
0.172010987,0.000809133,Maui,Piiholo,0.621388234,0.65851934,0.684414052,0.682904966,0.662964918,0.641193984,0.605882805,0.630677549,0.651085173,0.656326222,0.653004373,0.635208968,0.662143416,0.665112908,0.69504233,0.678676853,0.667191706,0.648473097,0.6576455,0.650077201,0.640561919,0.625741882,0.678141968,0.694487619,0.629874679,0.630214137
0.155844121,0.000851448,Maui,Olinda,0.543195964,0.609011974,0.648067626,0.64051053,0.617044111,0.586200279,0.545363279,0.584430535,0.589251026,0.6105681,0.59903247,0.589413526,0.645689311,0.659834553,0.686761096,0.65211823,0.65468916,0.613102053,0.630444447,0.605095964,0.570369891,0.578251194,0.64576759,0.659020942,0.590529354,0.59242269
0.120970185,0.000845584,Maui,Pukalani,0.513863416,0.552206738,0.567140498,0.561995721,0.54941993,0.517062084,0.507201307,0.495746508,0.501916125,0.513234258,0.51331956,0.498955249,0.59783436,0.569228317,0.554042028,0.533980295,0.551823231,0.440623021,0.479270833,0.444565909,0.401578198,0.479453884,0.498076744,0.525178176,0.494708656,0.493942465
0.092846459,0.000468572,Maui,Kula 200,0.421127965,0.541217475,0.594148252,0.583293143,0.550863121,0.48872571,0.461184227,0.498228376,0.475943094,0.510165191,0.457171348,0.490109192,0.608465493,0.631266416,0.632213285,0.596429741,0.621791785,0.556415818,0.573454079,0.500192587,0.462017438,0.531177147,0.573880682,0.6012374,0.518428759,0.52232079
0.257180571,0.002311569,Maui,Waiakoa,0.357709982,0.547574497,0.533730048,0.506980095,0.492388123,0.412289266,0.424768923,0.448611691,0.358861893,0.454233131,0.359183933,0.375692971,0.549316604,0.559635642,0.502545093,0.551292507,0.549875837,0.471459765,0.454821507,0.401202167,0.396600816,0.483116722,0.480026413,0.515429591,0.447493889,0.451085245
0.165028363,0.00113775,Maui,Lower Kula,0.353915703,0.528030731,0.511562046,0.509880366,0.484614123,0.425251695,0.406452191,0.459861535,0.365243994,0.42633388,0.373435319,0.394194157,0.545304322,0.542322909,0.528033439,0.548593266,0.548138837,0.518198666,0.491690501,0.430126438,0.438615939,0.483869113,0.499451802,0.548353968,0.454458998,0.458480729
0.172741705,0.0010318,Maui,Upper Kula,0.332392486,0.465878866,0.444758424,0.482767667,0.448025799,0.401146801,0.37109462,0.435077738,0.358991181,0.398533805,0.372854642,0.391845983,0.492077943,0.471396583,0.485167905,0.494758041,0.487345504,0.466327127,0.460811655,0.423475158,0.421478282,0.458857162,0.507048701,0.557106414,0.42516874,0.42887979
0.176572868,0.001596068,Maui,Wahikuli-Keokeo Homesteads,0.316394288,0.53126119,0.516100889,0.504569785,0.488774931,0.433796214,0.407330998,0.482587972,0.350240316,0.434862873,0.380390127,0.400449867,0.553484242,0.513908654,0.484698965,0.567775219,0.565024091,0.501273267,0.480683536,0.434418103,0.458497477,0.489888659,0.506891989,0.549734123,0.454121511,0.4596306
0.100286416,0.000493489,Maui,Kula Hawaiian Homesteads,0.356259459,0.557641554,0.551343799,0.528131067,0.516482903,0.486494795,0.467817658,0.505736781,0.383237387,0.466892426,0.401227055,0.424430419,0.599819121,0.560836362,0.508420852,0.617636732,0.594479942,0.517597065,0.489486569,0.46294939,0.508967993,0.517902668,0.537835859,0.561514242,0.484925684,0.490072333
0.058360794,0.000183484,Maui,Kuau,0.525417186,0.514369628,0.532881602,0.53349228,0.506895589,0.545341653,0.48597776,0.54015715,0.527997365,0.55483135,0.5226389,0.512765144,0.523367214,0.526022806,0.480237807,0.483703299,0.49847977,0.394088174,0.420750492,0.398499501,0.388462858,0.411749204,0.450607651,0.461382203,0.469604663,0.467372162
0.098477799,0.000544187,Maui,Paia,0.5609152,0.589989028,0.568914272,0.605005254,0.558559044,0.592445,0.538087658,0.579238695,0.559541228,0.593652055,0.572015488,0.584054252,0.59284855,0.59229871,0.551676364,0.508267089,0.576198821,0.449187789,0.423125132,0.444686377,0.37868336,0.436931197,0.45316931,0.445174877,0.51018659,0.508157445
0.104018324,0.000411641,Maui,Spreckelsville,0.434467627,0.468873238,0.469482472,0.453299659,0.449993771,0.464292223,0.462475749,0.480396494,0.439003725,0.468832494,0.46729625,0.477788152,0.477680662,0.478501101,0.376345613,0.403011043,0.453348004,0.343349844,0.331602142,0.312678754,0.284030631,0.321665476,0.31055785,0.311804388,0.397631094,0.396157633
0.183789821,0.001572854,Maui,Kahului,0.377352795,0.445591179,0.444415242,0.411673893,0.415764719,0.3906869,0.391134469,0.40057123,0.384956443,0.388957837,0.373109412,0.382888004,0.449007607,0.462797482,0.377954458,0.404113057,0.424143157,0.321222424,0.318439526,0.345861532,0.309372089,0.352276247,0.349440752,0.353717422,0.371017915,0.37076452
0.173791353,0.001080634,Maui,Wailuku,0.365580709,0.45121922,0.455692375,0.408159981,0.413727612,0.383546067,0.393262206,0.411582079,0.389850222,0.392103199,0.372091287,0.383320635,0.459963239,0.462705996,0.431415095,0.442965528,0.442279166,0.418617928,0.424101836,0.421962685,0.376989181,0.427121929,0.415369369,0.429633505,0.398930442,0.400264431
0.102840164,0.000624119,Maui,Waikapu,0.443777877,0.530070801,0.550553864,0.459152385,0.480604603,0.403152432,0.424210926,0.452295191,0.42439361,0.424143733,0.41351597,0.395142818,0.519254226,0.55887437,0.454159978,0.500861457,0.520832368,0.408520489,0.411294218,0.432256583,0.370999954,0.424247486,0.419854687,0.409629608,0.433271985,0.43285175
0.089132951,0.000447096,Maui,Wailuku Heights,0.466821496,0.545191777,0.564285254,0.516328956,0.530383244,0.465714829,0.485489209,0.498359505,0.478430531,0.487813974,0.467477213,0.480589264,0.558060084,0.571719454,0.516873536,0.54284123,0.546196776,0.50544595,0.50454043,0.503037126,0.457268617,0.514043335,0.504672075,0.519143346,0.489229088,0.490125392
0.056446528,0.0001427,Maui,Waiehu,0.299502283,0.375048846,0.384952047,0.346456032,0.357916793,0.337913782,0.349358058,0.356431301,0.335301506,0.344235897,0.312002017,0.335324424,0.400512914,0.407388454,0.388579636,0.400166405,0.373814539,0.375580328,0.388448286,0.360861678,0.320149317,0.384835686,0.367365153,0.38127278,0.347336726,0.349250104
0.084871239,0.00044,Maui,Waiehu Camp,0.393944638,0.499810189,0.554422999,0.492959339,0.502525034,0.47554895,0.497886654,0.483450949,0.483385179,0.475683757,0.429323749,0.451064246,0.534773483,0.493487038,0.489475731,0.530666902,0.462223924,0.522990416,0.541477082,0.484569234,0.452629003,0.528792258,0.491858293,0.583023046,0.474238884,0.477450654
0.063457426,0.000170018,Maui,Waihee,0.227413847,0.304441691,0.338598171,0.279843362,0.3078039,0.275615771,0.304279218,0.31063436,0.283347648,0.301175637,0.239520422,0.285450996,0.343644186,0.342013868,0.314154911,0.34292183,0.309672683,0.352908223,0.345381369,0.285585681,0.282306808,0.351647778,0.311012545,0.389139699,0.297140584,0.299929654
0.112615438,0.000542204,Maui,Camp Maluhia,0.223123801,0.329965816,0.410016143,0.322510557,0.336870566,0.286921419,0.310548318,0.339135576,0.333066742,0.307133064,0.254599897,0.290948082,0.381566067,0.361349903,0.332904245,0.420625303,0.311545823,0.425212189,0.359227459,0.311291612,0.331744644,0.357276008,0.352241662,0.46611082,0.326237429,0.330361974
0.130583604,0.000784752,Maui,Waiolai Gulch/Kahakuloa,0.234674354,0.328270555,0.396987931,0.291757828,0.347969068,0.285807642,0.313532411,0.345501185,0.351259294,0.276306623,0.275388484,0.302079809,0.391917946,0.346003735,0.355429356,0.431651618,0.308042878,0.417458715,0.354447841,0.338917443,0.34137663,0.350514487,0.352445773,0.436483115,0.326968989,0.330660774
0.066356479,0.000225498,Maui,Kahakuloa,0.245134364,0.313121042,0.395270874,0.319202976,0.3623158,0.319837745,0.317457062,0.349157119,0.374309599,0.254910342,0.292982802,0.29130985,0.420078528,0.320569211,0.360917499,0.416380021,0.361799521,0.408320106,0.389247453,0.341131272,0.331354039,0.371388094,0.342161799,0.374467493,0.330912984,0.334344129
